pump,start_time,end_time,elapsed_time_ms,flowrate,volume,total_volume,pulse_count
CHARLES_AUSTEN_PUMP,1747727383,1747727413,30000.08,0.848,0.424,0.424,293
AQUATEC_PUMP,1747727423,1747727453,30000.11,3.389,1.694,2.118,898
CHARLES_AUSTEN_PUMP,1747727463,1747727493,30000.12,0.834,0.417,2.535,288
AQUATEC_PUMP,1747727503,1747727533,30000.10,3.268,1.634,4.169,866
CHARLES_AUSTEN_PUMP,1747727543,1747727573,30000.12,0.828,0.414,4.583,286
AQUATEC_PUMP,1747727583,1747727613,30000.10,3.377,1.689,6.272,895
CHARLES_AUSTEN_PUMP,1747727623,1747727653,30000.09,0.813,0.407,6.678,281
AQUATEC_PUMP,1747727663,1747727693,30000.09,3.389,1.694,8.373,898
CHARLES_AUSTEN_PUMP,1747727703,1747727733,30000.09,0.819,0.410,8.782,283
AQUATEC_PUMP,1747727743,1747727773,30000.09,3.392,1.696,10.478,899
CHARLES_AUSTEN_PUMP,1747727783,1747727813,30000.10,0.816,0.408,10.887,282
AQUATEC_PUMP,1747727823,1747727853,30000.09,3.389,1.694,12.581,898
CHARLES_AUSTEN_PUMP,1747727863,1747727893,30000.09,0.831,0.415,12.996,287
AQUATEC_PUMP,1747727903,1747727933,30000.10,3.385,1.692,14.689,897
CHARLES_AUSTEN_PUMP,1747727943,1747727973,30000.10,0.834,0.417,15.105,288
AQUATEC_PUMP,1747727983,1747728013,30000.09,3.392,1.696,16.802,899
CHARLES_AUSTEN_PUMP,1747728023,1747728053,30000.09,0.825,0.412,17.214,285
AQUATEC_PUMP,1747728063,1747728093,30000.10,3.389,1.694,18.908,898
CHARLES_AUSTEN_PUMP,1747728103,1747728133,30000.10,0.819,0.410,19.318,283
AQUATEC_PUMP,1747728143,1747728173,30000.09,3.392,1.696,21.014,899
CHARLES_AUSTEN_PUMP,1747728183,1747728213,30000.09,0.819,0.410,21.424,283
AQUATEC_PUMP,1747728223,1747728253,30000.10,3.389,1.694,23.118,898
CHARLES_AUSTEN_PUMP,1747728263,1747728293,30000.09,0.819,0.410,23.528,283
AQUATEC_PUMP,1747728303,1747728333,30000.10,3.389,1.694,25.222,898
CHARLES_AUSTEN_PUMP,1747728343,1747728373,30000.09,0.816,0.408,25.630,282
AQUATEC_PUMP,1747728383,1747728413,30000.09,3.272,1.636,27.266,867
CHARLES_AUSTEN_PUMP,1747728423,1747728453,30000.09,0.825,0.412,27.678,285
AQUATEC_PUMP,1747728463,1747728493,30000.09,3.396,1.698,29.377,900
CHARLES_AUSTEN_PUMP,1747728503,1747728533,30000.10,0.825,0.412,29.789,285
AQUATEC_PUMP,1747728543,1747728573,30000.08,3.396,1.698,31.487,900
CHARLES_AUSTEN_PUMP,1747728583,1747728613,30000.09,0.816,0.408,31.895,282
AQUATEC_PUMP,1747728623,1747728653,30000.08,3.396,1.698,33.593,900
CHARLES_AUSTEN_PUMP,1747728663,1747728693,30000.08,0.813,0.407,34.000,281
AQUATEC_PUMP,1747728703,1747728733,30000.09,3.396,1.698,35.698,900
CHARLES_AUSTEN_PUMP,1747728743,1747728773,30000.09,0.810,0.405,36.103,280
AQUATEC_PUMP,1747728783,1747728813,30000.09,3.358,1.679,37.783,890
CHARLES_AUSTEN_PUMP,1747728823,1747728853,30000.09,0.810,0.405,38.188,280
AQUATEC_PUMP,1747728863,1747728893,30000.11,3.275,1.638,39.826,868
CHARLES_AUSTEN_PUMP,1747728903,1747728933,30000.08,0.805,0.402,40.228,278
AQUATEC_PUMP,1747728943,1747728973,30000.09,3.400,1.700,41.928,901
CHARLES_AUSTEN_PUMP,1747728983,1747729013,30000.10,0.805,0.402,42.330,278
AQUATEC_PUMP,1747729023,1747729053,30000.11,3.404,1.702,44.032,902
CHARLES_AUSTEN_PUMP,1747729063,1747729093,30000.10,0.822,0.411,44.443,284
AQUATEC_PUMP,1747729103,1747729133,30000.08,3.283,1.642,46.085,870
CHARLES_AUSTEN_PUMP,1747729143,1747729173,30000.09,0.808,0.404,46.488,279
AQUATEC_PUMP,1747729183,1747729213,30000.09,3.404,1.702,48.190,902
CHARLES_AUSTEN_PUMP,1747729223,1747729253,30000.09,0.810,0.405,48.595,280
AQUATEC_PUMP,1747729263,1747729293,30000.09,3.404,1.702,50.297,902
CHARLES_AUSTEN_PUMP,1747729303,1747729333,30000.08,0.802,0.401,50.698,277
AQUATEC_PUMP,1747729343,1747729373,30000.09,3.366,1.683,52.381,892
CHARLES_AUSTEN_PUMP,1747729383,1747729413,30000.09,0.810,0.405,52.786,280
AQUATEC_PUMP,1747729423,1747729453,30000.09,3.408,1.704,54.490,903
CHARLES_AUSTEN_PUMP,1747729463,1747729493,30000.09,0.802,0.401,54.891,277
AQUATEC_PUMP,1747729503,1747729533,30000.09,3.287,1.643,56.534,871
CHARLES_AUSTEN_PUMP,1747729543,1747729573,30000.07,0.813,0.407,56.941,281
AQUATEC_PUMP,1747729583,1747729613,30000.09,3.408,1.704,58.645,903
CHARLES_AUSTEN_PUMP,1747729623,1747729653,30000.09,0.808,0.404,59.049,279
AQUATEC_PUMP,1747729663,1747729693,30000.11,3.404,1.702,60.751,902
CHARLES_AUSTEN_PUMP,1747729703,1747729733,30000.09,0.810,0.405,61.156,280
AQUATEC_PUMP,1747729743,1747729773,30000.08,3.408,1.704,62.859,903
CHARLES_AUSTEN_PUMP,1747729783,1747729813,30000.09,0.813,0.407,63.266,281
AQUATEC_PUMP,1747729823,1747729853,30000.10,3.291,1.645,64.911,872
CHARLES_AUSTEN_PUMP,1747729863,1747729893,30000.09,0.808,0.404,65.315,279
AQUATEC_PUMP,1747729903,1747729933,30000.09,3.404,1.702,67.017,902
CHARLES_AUSTEN_PUMP,1747729943,1747729973,30000.09,0.799,0.399,67.416,276
AQUATEC_PUMP,1747729983,1747730013,30000.08,3.415,1.708,69.124,905
CHARLES_AUSTEN_PUMP,1747730023,1747730053,30000.09,0.802,0.401,69.525,277
AQUATEC_PUMP,1747730063,1747730093,30000.09,3.366,1.683,71.208,892
CHARLES_AUSTEN_PUMP,1747730103,1747730133,30000.09,0.808,0.404,71.612,279
AQUATEC_PUMP,1747730143,1747730173,30000.09,3.411,1.706,73.317,904
CHARLES_AUSTEN_PUMP,1747730183,1747730213,30000.09,0.805,0.402,73.720,278
AQUATEC_PUMP,1747730223,1747730253,30000.09,3.411,1.706,75.425,904
CHARLES_AUSTEN_PUMP,1747730263,1747730293,30000.09,0.805,0.402,75.828,278
AQUATEC_PUMP,1747730303,1747730333,30000.09,3.294,1.647,77.475,873
CHARLES_AUSTEN_PUMP,1747730343,1747730373,30000.08,0.799,0.399,77.874,276
AQUATEC_PUMP,1747730383,1747730413,30000.08,3.294,1.647,79.521,873
CHARLES_AUSTEN_PUMP,1747730423,1747730453,30000.09,0.799,0.399,79.921,276
AQUATEC_PUMP,1747730463,1747730493,30000.08,3.419,1.709,81.630,906
CHARLES_AUSTEN_PUMP,1747730503,1747730533,30000.09,0.802,0.401,82.031,277
AQUATEC_PUMP,1747730543,1747730573,30000.09,3.370,1.685,83.716,893
CHARLES_AUSTEN_PUMP,1747730583,1747730613,30000.10,0.805,0.402,84.118,278
AQUATEC_PUMP,1747730623,1747730653,30000.09,3.419,1.709,85.828,906
CHARLES_AUSTEN_PUMP,1747730663,1747730693,30000.11,0.802,0.401,86.229,277
AQUATEC_PUMP,1747730703,1747730733,30000.09,3.415,1.708,87.936,905
CHARLES_AUSTEN_PUMP,1747730743,1747730773,30000.09,0.805,0.402,88.339,278
AQUATEC_PUMP,1747730783,1747730813,30000.08,3.298,1.649,89.988,874
CHARLES_AUSTEN_PUMP,1747730823,1747730853,30000.08,0.810,0.405,90.393,280
AQUATEC_PUMP,1747730863,1747730893,30000.09,3.249,1.625,92.017,861
CHARLES_AUSTEN_PUMP,1747730903,1747730933,30000.06,0.808,0.404,92.421,279
AQUATEC_PUMP,1747730943,1747730973,30000.09,3.423,1.711,94.132,907
CHARLES_AUSTEN_PUMP,1747730983,1747731013,30000.09,0.808,0.404,94.536,279
AQUATEC_PUMP,1747731023,1747731053,30000.08,3.423,1.711,96.247,907
CHARLES_AUSTEN_PUMP,1747731063,1747731093,30000.09,0.808,0.404,96.651,279
AQUATEC_PUMP,1747731103,1747731133,30000.16,3.298,1.649,98.300,874
CHARLES_AUSTEN_PUMP,1747731143,1747731173,30000.15,0.813,0.407,98.707,281
AQUATEC_PUMP,1747731183,1747731213,30000.09,3.419,1.709,100.416,906
CHARLES_AUSTEN_PUMP,1747731223,1747731253,30000.09,0.805,0.402,100.819,278
AQUATEC_PUMP,1747731263,1747731293,30000.10,3.396,1.698,102.517,900
CHARLES_AUSTEN_PUMP,1747731303,1747731333,30000.09,0.790,0.395,102.912,273
AQUATEC_PUMP,1747731343,1747731373,30000.09,3.423,1.711,104.623,907
CHARLES_AUSTEN_PUMP,1747731383,1747731413,30000.09,0.813,0.407,105.030,281
AQUATEC_PUMP,1747731423,1747731453,30000.09,3.426,1.713,106.743,908
CHARLES_AUSTEN_PUMP,1747731463,1747731493,30000.09,0.810,0.405,107.148,280
AQUATEC_PUMP,1747731503,1747731533,30000.09,3.419,1.709,108.858,906
CHARLES_AUSTEN_PUMP,1747731543,1747731573,30000.09,0.802,0.401,109.259,277
AQUATEC_PUMP,1747731583,1747731613,30000.09,3.423,1.711,110.970,907
CHARLES_AUSTEN_PUMP,1747731623,1747731653,30000.10,0.808,0.404,111.374,279
AQUATEC_PUMP,1747731663,1747731693,30000.16,3.423,1.711,113.085,907
CHARLES_AUSTEN_PUMP,1747731703,1747731733,30000.09,0.802,0.401,113.486,277
AQUATEC_PUMP,1747731743,1747731773,30000.08,3.419,1.709,115.195,906
CHARLES_AUSTEN_PUMP,1747731783,1747731813,30000.08,0.805,0.402,115.598,278
AQUATEC_PUMP,1747731823,1747731853,30000.09,3.302,1.651,117.249,875
CHARLES_AUSTEN_PUMP,1747731863,1747731893,30000.04,0.802,0.401,117.649,277
AQUATEC_PUMP,1747731903,1747731933,30000.15,3.408,1.704,119.353,903
CHARLES_AUSTEN_PUMP,1747731943,1747731973,30000.09,0.790,0.395,119.748,273
AQUATEC_PUMP,1747731983,1747732013,30000.10,3.264,1.632,121.380,865
CHARLES_AUSTEN_PUMP,1747732023,1747732053,30000.09,0.799,0.399,121.780,276
AQUATEC_PUMP,1747732063,1747732093,30000.10,3.426,1.713,123.493,908
CHARLES_AUSTEN_PUMP,1747732103,1747732133,30000.09,0.805,0.402,123.895,278
AQUATEC_PUMP,1747732143,1747732173,30000.10,3.423,1.711,125.607,907
CHARLES_AUSTEN_PUMP,1747732183,1747732213,30000.10,0.813,0.407,126.013,281
AQUATEC_PUMP,1747732223,1747732253,30000.09,3.396,1.698,127.711,900
CHARLES_AUSTEN_PUMP,1747732263,1747732293,30000.09,0.805,0.402,128.114,278
AQUATEC_PUMP,1747732303,1747732333,30000.11,3.306,1.653,129.767,876
CHARLES_AUSTEN_PUMP,1747732343,1747732373,30000.10,0.813,0.407,130.173,281
AQUATEC_PUMP,1747732383,1747732413,30000.09,3.309,1.655,131.828,877
CHARLES_AUSTEN_PUMP,1747732423,1747732453,30000.09,0.808,0.404,132.232,279
AQUATEC_PUMP,1747732463,1747732493,30000.14,3.426,1.713,133.945,908
CHARLES_AUSTEN_PUMP,1747732503,1747732533,30000.10,0.805,0.402,134.347,278
AQUATEC_PUMP,1747732543,1747732573,30000.09,3.426,1.713,136.060,908
CHARLES_AUSTEN_PUMP,1747732583,1747732613,30000.08,0.805,0.402,136.463,278
AQUATEC_PUMP,1747732623,1747732653,30000.09,3.419,1.709,138.172,906
CHARLES_AUSTEN_PUMP,1747732663,1747732693,30000.15,0.816,0.408,138.580,282
AQUATEC_PUMP,1747732703,1747732733,30000.08,3.370,1.685,140.265,893
CHARLES_AUSTEN_PUMP,1747732743,1747732773,30000.10,0.802,0.401,140.666,277
AQUATEC_PUMP,1747732783,1747732813,30000.16,3.430,1.715,142.381,909
CHARLES_AUSTEN_PUMP,1747732823,1747732853,30000.10,0.808,0.404,142.785,279
AQUATEC_PUMP,1747732863,1747732893,30000.09,3.430,1.715,144.500,909
CHARLES_AUSTEN_PUMP,1747732903,1747732933,30000.09,0.808,0.404,144.904,279
AQUATEC_PUMP,1747732943,1747732973,30000.09,3.434,1.717,146.621,910
CHARLES_AUSTEN_PUMP,1747732983,1747733013,30000.09,0.808,0.404,147.024,279
AQUATEC_PUMP,1747733023,1747733053,30000.09,3.438,1.719,148.743,911
CHARLES_AUSTEN_PUMP,1747733063,1747733093,30000.08,0.802,0.401,149.144,277
AQUATEC_PUMP,1747733103,1747733133,30000.10,3.313,1.657,150.801,878
CHARLES_AUSTEN_PUMP,1747733143,1747733173,30000.09,0.805,0.402,151.203,278
AQUATEC_PUMP,1747733183,1747733213,30000.09,3.438,1.719,152.922,911
CHARLES_AUSTEN_PUMP,1747733223,1747733253,30000.10,0.813,0.407,153.329,281
AQUATEC_PUMP,1747733263,1747733293,30000.09,3.430,1.715,155.044,909
CHARLES_AUSTEN_PUMP,1747733303,1747733333,30000.08,0.808,0.404,155.448,279
AQUATEC_PUMP,1747733343,1747733373,30000.09,3.377,1.689,157.136,895
CHARLES_AUSTEN_PUMP,1747733383,1747733413,30000.09,0.805,0.402,157.539,278
AQUATEC_PUMP,1747733423,1747733453,30000.08,3.377,1.689,159.227,895
CHARLES_AUSTEN_PUMP,1747733463,1747733493,30000.09,0.799,0.399,159.627,276
AQUATEC_PUMP,1747733503,1747733533,30000.09,3.430,1.715,161.342,909
CHARLES_AUSTEN_PUMP,1747733543,1747733573,30000.15,0.808,0.404,161.745,279
AQUATEC_PUMP,1747733583,1747733613,30000.10,3.411,1.706,163.451,904
CHARLES_AUSTEN_PUMP,1747733623,1747733653,30000.09,0.790,0.395,163.846,273
AQUATEC_PUMP,1747733663,1747733693,30000.09,3.309,1.655,165.501,877
CHARLES_AUSTEN_PUMP,1747733703,1747733733,30000.09,0.813,0.407,165.908,281
AQUATEC_PUMP,1747733743,1747733773,30000.10,3.325,1.662,167.570,881
CHARLES_AUSTEN_PUMP,1747733783,1747733813,30000.09,0.799,0.399,167.969,276
AQUATEC_PUMP,1747733823,1747733853,30000.09,3.426,1.713,169.682,908
CHARLES_AUSTEN_PUMP,1747733863,1747733893,30000.16,0.810,0.405,170.088,280
AQUATEC_PUMP,1747733903,1747733933,30000.10,3.423,1.711,171.799,907
CHARLES_AUSTEN_PUMP,1747733943,1747733973,30000.09,0.799,0.399,172.198,276
AQUATEC_PUMP,1747733983,1747734013,30000.07,3.430,1.715,173.914,909
CHARLES_AUSTEN_PUMP,1747734023,1747734053,30000.08,0.802,0.401,174.314,277
AQUATEC_PUMP,1747734063,1747734093,30000.09,3.377,1.689,176.003,895
CHARLES_AUSTEN_PUMP,1747734103,1747734133,30000.09,0.802,0.401,176.404,277
AQUATEC_PUMP,1747734143,1747734173,30000.08,3.426,1.713,178.117,908
CHARLES_AUSTEN_PUMP,1747734183,1747734213,30000.08,0.805,0.402,178.519,278
AQUATEC_PUMP,1747734223,1747734253,30000.09,3.426,1.713,180.233,908
CHARLES_AUSTEN_PUMP,1747734263,1747734293,30000.09,0.802,0.401,180.634,277
AQUATEC_PUMP,1747734303,1747734333,30000.09,3.309,1.655,182.288,877
CHARLES_AUSTEN_PUMP,1747734343,1747734373,30000.09,0.810,0.405,182.693,280
AQUATEC_PUMP,1747734383,1747734413,30000.16,3.377,1.689,184.382,895
CHARLES_AUSTEN_PUMP,1747734423,1747734453,30000.09,0.810,0.405,184.787,280
AQUATEC_PUMP,1747734463,1747734493,30000.09,3.426,1.713,186.501,908
CHARLES_AUSTEN_PUMP,1747734503,1747734533,30000.09,0.808,0.404,186.904,279
AQUATEC_PUMP,1747734543,1747734573,30000.09,3.309,1.655,188.559,877
CHARLES_AUSTEN_PUMP,1747734583,1747734613,30000.16,0.799,0.399,188.958,276
AQUATEC_PUMP,1747734623,1747734653,30000.08,3.423,1.711,190.670,907
CHARLES_AUSTEN_PUMP,1747734663,1747734693,30000.09,0.816,0.408,191.078,282
AQUATEC_PUMP,1747734703,1747734733,30000.09,3.434,1.717,192.795,910
CHARLES_AUSTEN_PUMP,1747734743,1747734773,30000.09,0.816,0.408,193.203,282
AQUATEC_PUMP,1747734783,1747734813,30000.09,3.392,1.696,194.899,899
CHARLES_AUSTEN_PUMP,1747734823,1747734853,30000.11,0.805,0.402,195.302,278
AQUATEC_PUMP,1747734863,1747734893,30000.11,3.430,1.715,197.017,909
CHARLES_AUSTEN_PUMP,1747734903,1747734933,30000.09,0.810,0.405,197.422,280
AQUATEC_PUMP,1747734943,1747734973,30000.11,3.430,1.715,199.137,909
CHARLES_AUSTEN_PUMP,1747734983,1747735013,30000.10,0.816,0.408,199.545,282
AQUATEC_PUMP,1747735023,1747735053,30000.09,3.279,1.640,201.185,869
CHARLES_AUSTEN_PUMP,1747735063,1747735093,30000.09,0.799,0.399,201.584,276
AQUATEC_PUMP,1747735103,1747735133,30000.10,3.317,1.658,203.243,879
CHARLES_AUSTEN_PUMP,1747735143,1747735173,30000.10,0.810,0.405,203.648,280
AQUATEC_PUMP,1747735183,1747735213,30000.08,3.430,1.715,205.363,909
CHARLES_AUSTEN_PUMP,1747735223,1747735253,30000.09,0.813,0.407,205.770,281
AQUATEC_PUMP,1747735263,1747735293,30000.09,3.306,1.653,207.422,876
CHARLES_AUSTEN_PUMP,1747735303,1747735333,30000.10,0.822,0.411,207.833,284
AQUATEC_PUMP,1747735343,1747735373,30000.10,3.309,1.655,209.488,877
CHARLES_AUSTEN_PUMP,1747735383,1747735413,30000.09,0.813,0.407,209.895,281
AQUATEC_PUMP,1747735423,1747735453,30000.10,3.434,1.717,211.612,910
CHARLES_AUSTEN_PUMP,1747735463,1747735493,30000.15,0.819,0.410,212.021,283
AQUATEC_PUMP,1747735503,1747735533,30000.10,3.426,1.713,213.734,908
CHARLES_AUSTEN_PUMP,1747735543,1747735573,30000.09,0.819,0.410,214.144,283
AQUATEC_PUMP,1747735583,1747735613,30000.10,3.313,1.657,215.801,878
CHARLES_AUSTEN_PUMP,1747735623,1747735653,30000.09,0.822,0.411,216.212,284
AQUATEC_PUMP,1747735663,1747735693,30000.09,3.419,1.709,217.921,906
CHARLES_AUSTEN_PUMP,1747735703,1747735733,30000.08,0.813,0.407,218.328,281
AQUATEC_PUMP,1747735743,1747735773,30000.09,3.426,1.713,220.041,908
CHARLES_AUSTEN_PUMP,1747735783,1747735813,30000.09,0.810,0.405,220.446,280
AQUATEC_PUMP,1747735823,1747735853,30000.09,3.313,1.657,222.103,878
CHARLES_AUSTEN_PUMP,1747735863,1747735893,30000.09,0.822,0.411,222.514,284
AQUATEC_PUMP,1747735903,1747735933,30000.10,3.426,1.713,224.227,908
CHARLES_AUSTEN_PUMP,1747735943,1747735973,30000.08,0.819,0.410,224.636,283
AQUATEC_PUMP,1747735983,1747736013,30000.10,3.377,1.689,226.325,895
CHARLES_AUSTEN_PUMP,1747736023,1747736053,30000.10,0.813,0.407,226.732,281
AQUATEC_PUMP,1747736063,1747736093,30000.09,3.275,1.638,228.370,868
CHARLES_AUSTEN_PUMP,1747736103,1747736133,30000.08,0.808,0.404,228.773,279
AQUATEC_PUMP,1747736143,1747736173,30000.10,3.430,1.715,230.488,909
CHARLES_AUSTEN_PUMP,1747736183,1747736213,30000.10,0.828,0.414,230.902,286
AQUATEC_PUMP,1747736223,1747736253,30000.16,3.249,1.625,232.527,861
CHARLES_AUSTEN_PUMP,1747736263,1747736293,30000.09,0.816,0.408,232.935,282
AQUATEC_PUMP,1747736303,1747736333,30000.09,3.430,1.715,234.650,909
CHARLES_AUSTEN_PUMP,1747736343,1747736373,30000.09,0.822,0.411,235.061,284
AQUATEC_PUMP,1747736383,1747736413,30000.09,3.434,1.717,236.778,910
CHARLES_AUSTEN_PUMP,1747736423,1747736453,30000.09,0.822,0.411,237.189,284
AQUATEC_PUMP,1747736463,1747736493,30000.09,3.434,1.717,238.906,910
CHARLES_AUSTEN_PUMP,1747736503,1747736533,30000.10,0.822,0.411,239.317,284
AQUATEC_PUMP,1747736543,1747736573,30000.10,3.434,1.717,241.034,910
CHARLES_AUSTEN_PUMP,1747736583,1747736613,30000.16,0.822,0.411,241.445,284
AQUATEC_PUMP,1747736623,1747736653,30000.09,3.309,1.655,243.100,877
CHARLES_AUSTEN_PUMP,1747736663,1747736693,30000.09,0.822,0.411,243.511,284
AQUATEC_PUMP,1747736703,1747736733,30000.10,3.309,1.655,245.165,877
CHARLES_AUSTEN_PUMP,1747736743,1747736773,30000.16,0.810,0.405,245.571,280
AQUATEC_PUMP,1747736783,1747736813,30000.09,3.430,1.715,247.286,909
CHARLES_AUSTEN_PUMP,1747736823,1747736853,30000.10,0.810,0.405,247.691,280
AQUATEC_PUMP,1747736863,1747736893,30000.15,3.309,1.655,249.346,877
CHARLES_AUSTEN_PUMP,1747736903,1747736933,30000.10,0.816,0.408,249.754,282
AQUATEC_PUMP,1747736943,1747736973,30000.06,3.426,1.713,251.467,908
CHARLES_AUSTEN_PUMP,1747736983,1747737013,30000.09,0.816,0.408,251.875,282
AQUATEC_PUMP,1747737023,1747737053,30000.10,3.430,1.715,253.590,909
CHARLES_AUSTEN_PUMP,1747737063,1747737093,30000.09,0.819,0.410,254.000,283
AQUATEC_PUMP,1747737103,1747737133,30000.06,3.426,1.713,255.713,908
CHARLES_AUSTEN_PUMP,1747737143,1747737173,30000.09,0.816,0.408,256.121,282
AQUATEC_PUMP,1747737183,1747737213,30000.09,3.260,1.630,257.751,864
CHARLES_AUSTEN_PUMP,1747737223,1747737253,30000.09,0.813,0.407,258.158,281
AQUATEC_PUMP,1747737263,1747737293,30000.15,3.426,1.713,259.871,908
CHARLES_AUSTEN_PUMP,1747737303,1747737333,30000.09,0.816,0.408,260.279,282
AQUATEC_PUMP,1747737343,1747737373,30000.09,3.426,1.713,261.992,908
CHARLES_AUSTEN_PUMP,1747737383,1747737413,30000.08,0.810,0.405,262.398,280
AQUATEC_PUMP,1747737423,1747737453,30000.05,3.423,1.711,264.109,907
CHARLES_AUSTEN_PUMP,1747737463,1747737493,30000.09,0.810,0.405,264.514,280
AQUATEC_PUMP,1747737503,1747737533,30000.09,3.415,1.708,266.222,905
CHARLES_AUSTEN_PUMP,1747737543,1747737573,30000.09,0.816,0.408,266.630,282
AQUATEC_PUMP,1747737583,1747737613,30000.09,3.423,1.711,268.341,907
CHARLES_AUSTEN_PUMP,1747737623,1747737653,30000.09,0.816,0.408,268.749,282
AQUATEC_PUMP,1747737663,1747737693,30000.09,3.430,1.715,270.464,909
CHARLES_AUSTEN_PUMP,1747737703,1747737733,30000.09,0.822,0.411,270.875,284
AQUATEC_PUMP,1747737743,1747737773,30000.08,3.430,1.715,272.590,909
CHARLES_AUSTEN_PUMP,1747737783,1747737813,30000.08,0.819,0.410,273.000,283
AQUATEC_PUMP,1747737823,1747737853,30000.09,3.430,1.715,274.715,909
CHARLES_AUSTEN_PUMP,1747737863,1747737893,30000.09,0.810,0.405,275.120,280
AQUATEC_PUMP,1747737903,1747737933,30000.09,3.260,1.630,276.750,864
CHARLES_AUSTEN_PUMP,1747737943,1747737973,30000.09,0.810,0.405,277.156,280
AQUATEC_PUMP,1747737983,1747738013,30000.09,3.306,1.653,278.808,876
CHARLES_AUSTEN_PUMP,1747738023,1747738053,30000.09,0.813,0.407,279.215,281
AQUATEC_PUMP,1747738063,1747738093,30000.09,3.423,1.711,280.926,907
CHARLES_AUSTEN_PUMP,1747738103,1747738133,30000.05,0.819,0.410,281.336,283
AQUATEC_PUMP,1747738143,1747738173,30000.09,3.426,1.713,283.049,908
CHARLES_AUSTEN_PUMP,1747738183,1747738213,30000.10,0.825,0.412,283.462,285
AQUATEC_PUMP,1747738223,1747738253,30000.10,3.430,1.715,285.177,909
CHARLES_AUSTEN_PUMP,1747738263,1747738293,30000.10,0.825,0.412,285.589,285
AQUATEC_PUMP,1747738303,1747738333,30000.09,3.426,1.713,287.302,908
CHARLES_AUSTEN_PUMP,1747738343,1747738373,30000.10,0.822,0.411,287.713,284
AQUATEC_PUMP,1747738383,1747738413,30000.09,3.423,1.711,289.425,907
CHARLES_AUSTEN_PUMP,1747738423,1747738453,30000.09,0.810,0.405,289.830,280
AQUATEC_PUMP,1747738463,1747738493,30000.10,3.430,1.715,291.545,909
CHARLES_AUSTEN_PUMP,1747738503,1747738533,30000.10,0.819,0.410,291.955,283
AQUATEC_PUMP,1747738543,1747738573,30000.08,3.423,1.711,293.666,907
CHARLES_AUSTEN_PUMP,1747738583,1747738613,30000.09,0.819,0.410,294.075,283
AQUATEC_PUMP,1747738623,1747738653,30000.11,3.366,1.683,295.758,892
CHARLES_AUSTEN_PUMP,1747738663,1747738693,30000.11,0.816,0.408,296.167,282
AQUATEC_PUMP,1747738703,1747738733,30000.10,3.426,1.713,297.880,908
CHARLES_AUSTEN_PUMP,1747738743,1747738773,30000.09,0.825,0.412,298.292,285
AQUATEC_PUMP,1747738783,1747738813,30000.10,3.430,1.715,300.007,909
CHARLES_AUSTEN_PUMP,1747738823,1747738853,30000.08,0.822,0.411,300.418,284
AQUATEC_PUMP,1747738863,1747738893,30000.09,3.426,1.713,302.132,908
CHARLES_AUSTEN_PUMP,1747738903,1747738933,30000.16,0.816,0.408,302.540,282
AQUATEC_PUMP,1747738943,1747738973,30000.09,3.245,1.623,304.162,860
CHARLES_AUSTEN_PUMP,1747738983,1747739013,30000.09,0.825,0.412,304.575,285
AQUATEC_PUMP,1747739023,1747739053,30000.09,3.377,1.689,306.263,895
CHARLES_AUSTEN_PUMP,1747739063,1747739093,30000.08,0.810,0.405,306.669,280
AQUATEC_PUMP,1747739103,1747739133,30000.09,3.426,1.713,308.382,908
CHARLES_AUSTEN_PUMP,1747739143,1747739173,30000.09,0.816,0.408,308.790,282
AQUATEC_PUMP,1747739183,1747739213,30000.08,3.279,1.640,310.430,869
CHARLES_AUSTEN_PUMP,1747739223,1747739253,30000.10,0.802,0.401,310.830,277
AQUATEC_PUMP,1747739263,1747739293,30000.09,3.423,1.711,312.542,907
CHARLES_AUSTEN_PUMP,1747739303,1747739333,30000.09,0.810,0.405,312.947,280
AQUATEC_PUMP,1747739343,1747739373,30000.09,3.306,1.653,314.600,876
CHARLES_AUSTEN_PUMP,1747739383,1747739413,30000.09,0.813,0.407,315.006,281
AQUATEC_PUMP,1747739423,1747739453,30000.09,3.426,1.713,316.720,908
CHARLES_AUSTEN_PUMP,1747739463,1747739493,30000.15,0.813,0.407,317.126,281
AQUATEC_PUMP,1747739503,1747739533,30000.09,3.426,1.713,318.839,908
CHARLES_AUSTEN_PUMP,1747739543,1747739573,30000.09,0.808,0.404,319.243,279
AQUATEC_PUMP,1747739583,1747739613,30000.10,3.426,1.713,320.956,908
CHARLES_AUSTEN_PUMP,1747739623,1747739653,30000.09,0.813,0.407,321.363,281
AQUATEC_PUMP,1747739663,1747739693,30000.09,3.309,1.655,323.018,877
CHARLES_AUSTEN_PUMP,1747739703,1747739733,30000.08,0.802,0.401,323.419,277
AQUATEC_PUMP,1747739743,1747739773,30000.10,3.309,1.655,325.073,877
CHARLES_AUSTEN_PUMP,1747739783,1747739813,30000.09,0.802,0.401,325.474,277
AQUATEC_PUMP,1747739823,1747739853,30000.09,3.423,1.711,327.186,907
CHARLES_AUSTEN_PUMP,1747739863,1747739893,30000.09,0.810,0.405,327.591,280
AQUATEC_PUMP,1747739903,1747739933,30000.09,3.309,1.655,329.246,877
CHARLES_AUSTEN_PUMP,1747739943,1747739973,30000.09,0.808,0.404,329.649,279
AQUATEC_PUMP,1747739983,1747740013,30000.09,3.415,1.708,331.357,905
CHARLES_AUSTEN_PUMP,1747740023,1747740053,30000.11,0.799,0.399,331.756,276
AQUATEC_PUMP,1747740063,1747740093,30000.09,3.302,1.651,333.407,875
CHARLES_AUSTEN_PUMP,1747740103,1747740133,30000.09,0.802,0.401,333.808,277
AQUATEC_PUMP,1747740143,1747740173,30000.09,3.423,1.711,335.519,907
CHARLES_AUSTEN_PUMP,1747740183,1747740213,30000.09,0.810,0.405,335.925,280
AQUATEC_PUMP,1747740223,1747740253,30000.09,3.426,1.713,337.638,908
CHARLES_AUSTEN_PUMP,1747740263,1747740293,30000.10,0.805,0.402,338.040,278
AQUATEC_PUMP,1747740303,1747740333,30000.10,3.370,1.685,339.725,893
CHARLES_AUSTEN_PUMP,1747740343,1747740373,30000.09,0.802,0.401,340.126,277
AQUATEC_PUMP,1747740383,1747740413,30000.09,3.426,1.713,341.839,908
CHARLES_AUSTEN_PUMP,1747740423,1747740453,30000.10,0.805,0.402,342.241,278
AQUATEC_PUMP,1747740463,1747740493,30000.09,3.309,1.655,343.896,877
CHARLES_AUSTEN_PUMP,1747740503,1747740533,30000.10,0.796,0.398,344.294,275
AQUATEC_PUMP,1747740543,1747740573,30000.10,3.423,1.711,346.005,907
CHARLES_AUSTEN_PUMP,1747740583,1747740613,30000.11,0.799,0.399,346.405,276
AQUATEC_PUMP,1747740623,1747740653,30000.09,3.423,1.711,348.116,907
CHARLES_AUSTEN_PUMP,1747740663,1747740693,30000.09,0.808,0.404,348.520,279
AQUATEC_PUMP,1747740703,1747740733,30000.09,3.426,1.713,350.233,908
CHARLES_AUSTEN_PUMP,1747740743,1747740773,30000.09,0.813,0.407,350.640,281
AQUATEC_PUMP,1747740783,1747740813,30000.11,3.415,1.708,352.347,905
CHARLES_AUSTEN_PUMP,1747740823,1747740853,30000.09,0.796,0.398,352.745,275
AQUATEC_PUMP,1747740863,1747740893,30000.10,3.419,1.709,354.455,906
CHARLES_AUSTEN_PUMP,1747740903,1747740933,30000.09,0.793,0.397,354.851,274
AQUATEC_PUMP,1747740943,1747740973,30000.09,3.419,1.709,356.561,906
CHARLES_AUSTEN_PUMP,1747740983,1747741013,30000.09,0.802,0.401,356.962,277
AQUATEC_PUMP,1747741023,1747741053,30000.10,3.426,1.713,358.675,908
CHARLES_AUSTEN_PUMP,1747741063,1747741093,30000.14,0.808,0.404,359.079,279
AQUATEC_PUMP,1747741103,1747741133,30000.09,3.423,1.711,360.790,907
CHARLES_AUSTEN_PUMP,1747741143,1747741173,30000.09,0.808,0.404,361.194,279
AQUATEC_PUMP,1747741183,1747741213,30000.09,3.306,1.653,362.846,876
CHARLES_AUSTEN_PUMP,1747741223,1747741253,30000.05,0.805,0.402,363.249,278
AQUATEC_PUMP,1747741263,1747741293,30000.10,3.291,1.645,364.894,872
CHARLES_AUSTEN_PUMP,1747741303,1747741333,30000.08,0.787,0.394,365.288,272
AQUATEC_PUMP,1747741343,1747741373,30000.10,3.415,1.708,366.995,905
CHARLES_AUSTEN_PUMP,1747741383,1747741413,30000.10,0.799,0.399,367.395,276
AQUATEC_PUMP,1747741423,1747741453,30000.09,3.279,1.640,369.034,869
CHARLES_AUSTEN_PUMP,1747741463,1747741493,30000.10,0.790,0.395,369.429,273
AQUATEC_PUMP,1747741503,1747741533,30000.08,3.423,1.711,371.141,907
CHARLES_AUSTEN_PUMP,1747741543,1747741573,30000.10,0.805,0.402,371.543,278
AQUATEC_PUMP,1747741583,1747741613,30000.09,3.415,1.708,373.251,905
CHARLES_AUSTEN_PUMP,1747741623,1747741653,30000.09,0.808,0.404,373.654,279
AQUATEC_PUMP,1747741663,1747741693,30000.09,3.419,1.709,375.364,906
CHARLES_AUSTEN_PUMP,1747741703,1747741733,30000.10,0.805,0.402,375.766,278
AQUATEC_PUMP,1747741743,1747741773,30000.10,3.279,1.640,377.406,869
CHARLES_AUSTEN_PUMP,1747741783,1747741813,30000.11,0.799,0.399,377.805,276
AQUATEC_PUMP,1747741823,1747741853,30000.09,3.419,1.709,379.515,906
CHARLES_AUSTEN_PUMP,1747741863,1747741893,30000.09,0.810,0.405,379.920,280
AQUATEC_PUMP,1747741903,1747741933,30000.09,3.302,1.651,381.571,875
CHARLES_AUSTEN_PUMP,1747741943,1747741973,30000.09,0.810,0.405,381.976,280
AQUATEC_PUMP,1747741983,1747742013,30000.10,3.415,1.708,383.683,905
CHARLES_AUSTEN_PUMP,1747742023,1747742053,30000.09,0.805,0.402,384.086,278
AQUATEC_PUMP,1747742063,1747742093,30000.07,3.415,1.708,385.793,905
CHARLES_AUSTEN_PUMP,1747742103,1747742133,30000.09,0.813,0.407,386.200,281
AQUATEC_PUMP,1747742143,1747742173,30000.11,3.423,1.711,387.911,907
CHARLES_AUSTEN_PUMP,1747742183,1747742213,30000.15,0.813,0.407,388.318,281
AQUATEC_PUMP,1747742223,1747742253,30000.16,3.366,1.683,390.001,892
CHARLES_AUSTEN_PUMP,1747742263,1747742293,30000.09,0.802,0.401,390.402,277
AQUATEC_PUMP,1747742303,1747742333,30000.09,3.415,1.708,392.109,905
CHARLES_AUSTEN_PUMP,1747742343,1747742373,30000.09,0.808,0.404,392.513,279
AQUATEC_PUMP,1747742383,1747742413,30000.08,3.355,1.677,394.191,889
CHARLES_AUSTEN_PUMP,1747742423,1747742453,30000.09,0.799,0.399,394.590,276
AQUATEC_PUMP,1747742463,1747742493,30000.08,3.358,1.679,396.269,890
CHARLES_AUSTEN_PUMP,1747742503,1747742533,30000.08,0.793,0.397,396.666,274
AQUATEC_PUMP,1747742543,1747742573,30000.08,3.419,1.709,398.375,906
CHARLES_AUSTEN_PUMP,1747742583,1747742613,30000.08,0.802,0.401,398.776,277
AQUATEC_PUMP,1747742623,1747742653,30000.09,3.415,1.708,400.484,905
CHARLES_AUSTEN_PUMP,1747742663,1747742693,30000.10,0.813,0.407,400.890,281
AQUATEC_PUMP,1747742703,1747742733,30000.11,3.241,1.621,402.511,859
CHARLES_AUSTEN_PUMP,1747742743,1747742773,30000.11,0.790,0.395,402.906,273
AQUATEC_PUMP,1747742783,1747742813,30000.10,3.419,1.709,404.615,906
CHARLES_AUSTEN_PUMP,1747742823,1747742853,30000.11,0.805,0.402,405.018,278
AQUATEC_PUMP,1747742863,1747742893,30000.11,3.426,1.713,406.731,908
CHARLES_AUSTEN_PUMP,1747742903,1747742933,30000.10,0.805,0.402,407.133,278
AQUATEC_PUMP,1747742943,1747742973,30000.10,3.423,1.711,408.845,907
CHARLES_AUSTEN_PUMP,1747742983,1747743013,30000.10,0.816,0.408,409.253,282
AQUATEC_PUMP,1747743023,1747743053,30000.09,3.426,1.713,410.966,908
CHARLES_AUSTEN_PUMP,1747743063,1747743093,30000.09,0.808,0.404,411.370,279
AQUATEC_PUMP,1747743103,1747743133,30000.10,3.434,1.717,413.087,910
CHARLES_AUSTEN_PUMP,1747743143,1747743173,30000.10,0.808,0.404,413.490,279
AQUATEC_PUMP,1747743183,1747743213,30000.09,3.430,1.715,415.206,909
CHARLES_AUSTEN_PUMP,1747743223,1747743253,30000.11,0.796,0.398,415.604,275
AQUATEC_PUMP,1747743263,1747743293,30000.09,3.434,1.717,417.321,910
CHARLES_AUSTEN_PUMP,1747743303,1747743333,30000.10,0.808,0.404,417.724,279
AQUATEC_PUMP,1747743343,1747743373,30000.11,3.325,1.662,419.387,881
CHARLES_AUSTEN_PUMP,1747743383,1747743413,30000.08,0.808,0.404,419.790,279
AQUATEC_PUMP,1747743423,1747743453,30000.08,3.434,1.717,421.507,910
CHARLES_AUSTEN_PUMP,1747743463,1747743493,30000.09,0.805,0.402,421.910,278
AQUATEC_PUMP,1747743503,1747743533,30000.10,3.434,1.717,423.627,910
CHARLES_AUSTEN_PUMP,1747743543,1747743573,30000.09,0.799,0.399,424.026,276
AQUATEC_PUMP,1747743583,1747743613,30000.09,3.430,1.715,425.741,909
CHARLES_AUSTEN_PUMP,1747743623,1747743653,30000.08,0.799,0.399,426.141,276
AQUATEC_PUMP,1747743663,1747743693,30000.09,3.426,1.713,427.854,908
CHARLES_AUSTEN_PUMP,1747743703,1747743733,30000.09,0.802,0.401,428.255,277
AQUATEC_PUMP,1747743743,1747743773,30000.09,3.426,1.713,429.968,908
CHARLES_AUSTEN_PUMP,1747743783,1747743813,30000.09,0.808,0.404,430.372,279
AQUATEC_PUMP,1747743823,1747743853,30000.11,3.426,1.713,432.085,908
CHARLES_AUSTEN_PUMP,1747743863,1747743893,30000.10,0.813,0.407,432.491,281
AQUATEC_PUMP,1747743903,1747743933,30000.09,3.260,1.630,434.122,864
CHARLES_AUSTEN_PUMP,1747743943,1747743973,30000.10,0.802,0.401,434.522,277
AQUATEC_PUMP,1747743983,1747744013,30000.09,3.309,1.655,436.177,877
CHARLES_AUSTEN_PUMP,1747744023,1747744053,30000.10,0.813,0.407,436.584,281
AQUATEC_PUMP,1747744063,1747744093,30000.09,3.396,1.698,438.282,900
CHARLES_AUSTEN_PUMP,1747744103,1747744133,30000.07,0.799,0.399,438.681,276
AQUATEC_PUMP,1747744143,1747744173,30000.09,3.321,1.660,440.342,880
CHARLES_AUSTEN_PUMP,1747744183,1747744213,30000.09,0.796,0.398,440.740,275
AQUATEC_PUMP,1747744223,1747744253,30000.09,3.434,1.717,442.457,910
CHARLES_AUSTEN_PUMP,1747744263,1747744293,30000.10,0.802,0.401,442.858,277
AQUATEC_PUMP,1747744303,1747744333,30000.15,3.438,1.719,444.576,911
CHARLES_AUSTEN_PUMP,1747744343,1747744373,30000.09,0.808,0.404,444.980,279
AQUATEC_PUMP,1747744383,1747744413,30000.09,3.434,1.717,446.697,910
CHARLES_AUSTEN_PUMP,1747744423,1747744453,30000.10,0.816,0.408,447.105,282
AQUATEC_PUMP,1747744463,1747744493,30000.09,3.309,1.655,448.760,877
CHARLES_AUSTEN_PUMP,1747744503,1747744533,30000.09,0.813,0.407,449.167,281
AQUATEC_PUMP,1747744543,1747744573,30000.08,3.430,1.715,450.882,909
CHARLES_AUSTEN_PUMP,1747744583,1747744613,30000.10,0.819,0.410,451.291,283
AQUATEC_PUMP,1747744623,1747744653,30000.15,3.430,1.715,453.006,909
CHARLES_AUSTEN_PUMP,1747744663,1747744693,30000.10,0.813,0.407,453.413,281
AQUATEC_PUMP,1747744703,1747744733,30000.09,3.426,1.713,455.126,908
CHARLES_AUSTEN_PUMP,1747744743,1747744773,30000.09,0.816,0.408,455.534,282
AQUATEC_PUMP,1747744783,1747744813,30000.09,3.438,1.719,457.253,911
CHARLES_AUSTEN_PUMP,1747744823,1747744853,30000.15,0.813,0.407,457.660,281
AQUATEC_PUMP,1747744863,1747744893,30000.09,3.430,1.715,459.375,909
CHARLES_AUSTEN_PUMP,1747744903,1747744933,30000.09,0.810,0.405,459.780,280
AQUATEC_PUMP,1747744943,1747744973,30000.08,3.268,1.634,461.414,866
CHARLES_AUSTEN_PUMP,1747744983,1747745013,30000.09,0.805,0.402,461.816,278
AQUATEC_PUMP,1747745023,1747745053,30000.15,3.381,1.691,463.507,896
CHARLES_AUSTEN_PUMP,1747745063,1747745093,30000.09,0.810,0.405,463.912,280
AQUATEC_PUMP,1747745103,1747745133,30000.09,3.434,1.717,465.629,910
CHARLES_AUSTEN_PUMP,1747745143,1747745173,30000.09,0.808,0.404,466.033,279
AQUATEC_PUMP,1747745183,1747745213,30000.10,3.374,1.687,467.720,894
CHARLES_AUSTEN_PUMP,1747745223,1747745253,30000.10,0.799,0.399,468.119,276
AQUATEC_PUMP,1747745263,1747745293,30000.10,3.438,1.719,469.838,911
CHARLES_AUSTEN_PUMP,1747745303,1747745333,30000.09,0.816,0.408,470.246,282
AQUATEC_PUMP,1747745343,1747745373,30000.15,3.430,1.715,471.961,909
CHARLES_AUSTEN_PUMP,1747745383,1747745413,30000.09,0.813,0.407,472.368,281
AQUATEC_PUMP,1747745423,1747745453,30000.09,3.438,1.719,474.087,911
CHARLES_AUSTEN_PUMP,1747745463,1747745493,30000.09,0.816,0.408,474.495,282
AQUATEC_PUMP,1747745503,1747745533,30000.11,3.438,1.719,476.214,911
CHARLES_AUSTEN_PUMP,1747745543,1747745573,30000.10,0.816,0.408,476.622,282
AQUATEC_PUMP,1747745583,1747745613,30000.09,3.441,1.721,478.343,912
CHARLES_AUSTEN_PUMP,1747745623,1747745653,30000.10,0.816,0.408,478.751,282
AQUATEC_PUMP,1747745663,1747745693,30000.10,3.325,1.662,480.413,881
CHARLES_AUSTEN_PUMP,1747745703,1747745733,30000.10,0.822,0.411,480.824,284
AQUATEC_PUMP,1747745743,1747745773,30000.10,3.430,1.715,482.539,909
CHARLES_AUSTEN_PUMP,1747745783,1747745813,30000.09,0.810,0.405,482.944,280
AQUATEC_PUMP,1747745823,1747745853,30000.15,3.283,1.642,484.586,870
CHARLES_AUSTEN_PUMP,1747745863,1747745893,30000.15,0.808,0.404,484.990,279
AQUATEC_PUMP,1747745903,1747745933,30000.14,3.438,1.719,486.708,911
CHARLES_AUSTEN_PUMP,1747745943,1747745973,30000.16,0.813,0.407,487.115,281
AQUATEC_PUMP,1747745983,1747746013,30000.10,3.434,1.717,488.832,910
CHARLES_AUSTEN_PUMP,1747746023,1747746053,30000.08,0.819,0.410,489.242,283
AQUATEC_PUMP,1747746063,1747746093,30000.09,3.438,1.719,490.961,911
CHARLES_AUSTEN_PUMP,1747746103,1747746133,30000.16,0.825,0.412,491.373,285
AQUATEC_PUMP,1747746143,1747746173,30000.09,3.445,1.723,493.096,913
CHARLES_AUSTEN_PUMP,1747746183,1747746213,30000.09,0.819,0.410,493.505,283
AQUATEC_PUMP,1747746223,1747746253,30000.09,3.441,1.721,495.226,912
CHARLES_AUSTEN_PUMP,1747746263,1747746293,30000.10,0.822,0.411,495.637,284
AQUATEC_PUMP,1747746303,1747746333,30000.16,3.438,1.719,497.356,911
CHARLES_AUSTEN_PUMP,1747746343,1747746373,30000.09,0.819,0.410,497.765,283
AQUATEC_PUMP,1747746383,1747746413,30000.09,3.438,1.719,499.484,911
CHARLES_AUSTEN_PUMP,1747746423,1747746453,30000.09,0.822,0.411,499.895,284
AQUATEC_PUMP,1747746463,1747746493,30000.09,3.434,1.717,501.612,910
CHARLES_AUSTEN_PUMP,1747746503,1747746533,30000.10,0.825,0.412,502.025,285
AQUATEC_PUMP,1747746543,1747746573,30000.08,3.441,1.721,503.745,912
CHARLES_AUSTEN_PUMP,1747746583,1747746613,30000.09,0.819,0.410,504.155,283
AQUATEC_PUMP,1747746623,1747746653,30000.09,3.321,1.660,505.815,880
CHARLES_AUSTEN_PUMP,1747746663,1747746693,30000.10,0.819,0.410,506.225,283
AQUATEC_PUMP,1747746703,1747746733,30000.09,3.441,1.721,507.946,912
CHARLES_AUSTEN_PUMP,1747746743,1747746773,30000.09,0.813,0.407,508.352,281
AQUATEC_PUMP,1747746783,1747746813,30000.10,3.321,1.660,510.013,880
CHARLES_AUSTEN_PUMP,1747746823,1747746853,30000.10,0.828,0.414,510.427,286
AQUATEC_PUMP,1747746863,1747746893,30000.09,3.374,1.687,512.113,894
CHARLES_AUSTEN_PUMP,1747746903,1747746933,30000.08,0.819,0.410,512.523,283
AQUATEC_PUMP,1747746943,1747746973,30000.11,3.392,1.696,514.219,899
CHARLES_AUSTEN_PUMP,1747746983,1747747013,30000.10,0.808,0.404,514.623,279
AQUATEC_PUMP,1747747023,1747747053,30000.10,3.441,1.721,516.344,912
CHARLES_AUSTEN_PUMP,1747747063,1747747093,30000.09,0.813,0.407,516.750,281
AQUATEC_PUMP,1747747103,1747747133,30000.09,3.317,1.658,518.409,879
CHARLES_AUSTEN_PUMP,1747747143,1747747173,30000.17,0.808,0.404,518.813,279
AQUATEC_PUMP,1747747183,1747747213,30000.09,3.438,1.719,520.531,911
CHARLES_AUSTEN_PUMP,1747747223,1747747253,30000.10,0.822,0.411,520.942,284
AQUATEC_PUMP,1747747263,1747747293,30000.11,3.441,1.721,522.663,912
CHARLES_AUSTEN_PUMP,1747747303,1747747333,30000.11,0.822,0.411,523.074,284
AQUATEC_PUMP,1747747343,1747747373,30000.09,3.411,1.706,524.780,904
CHARLES_AUSTEN_PUMP,1747747383,1747747413,30000.09,0.819,0.410,525.189,283
AQUATEC_PUMP,1747747423,1747747453,30000.10,3.438,1.719,526.908,911
CHARLES_AUSTEN_PUMP,1747747463,1747747493,30000.09,0.819,0.410,527.318,283
AQUATEC_PUMP,1747747503,1747747533,30000.15,3.381,1.691,529.008,896
CHARLES_AUSTEN_PUMP,1747747543,1747747573,30000.10,0.816,0.408,529.416,282
AQUATEC_PUMP,1747747583,1747747613,30000.09,3.434,1.717,531.133,910
CHARLES_AUSTEN_PUMP,1747747623,1747747653,30000.09,0.822,0.411,531.544,284
AQUATEC_PUMP,1747747663,1747747693,30000.09,3.325,1.662,533.207,881
CHARLES_AUSTEN_PUMP,1747747703,1747747733,30000.15,0.816,0.408,533.615,282
AQUATEC_PUMP,1747747743,1747747773,30000.10,3.438,1.719,535.334,911
CHARLES_AUSTEN_PUMP,1747747783,1747747813,30000.09,0.813,0.407,535.740,281
AQUATEC_PUMP,1747747823,1747747853,30000.09,3.385,1.692,537.433,897
CHARLES_AUSTEN_PUMP,1747747863,1747747893,30000.10,0.808,0.404,537.837,279
AQUATEC_PUMP,1747747903,1747747933,30000.08,3.419,1.709,539.546,906
CHARLES_AUSTEN_PUMP,1747747943,1747747973,30000.09,0.805,0.402,539.948,278
AQUATEC_PUMP,1747747983,1747748013,30000.09,3.404,1.702,541.650,902
CHARLES_AUSTEN_PUMP,1747748023,1747748053,30000.08,0.796,0.398,542.048,275
AQUATEC_PUMP,1747748063,1747748093,30000.08,3.441,1.721,543.769,912
CHARLES_AUSTEN_PUMP,1747748103,1747748133,30000.09,0.805,0.402,544.171,278
AQUATEC_PUMP,1747748143,1747748173,30000.09,3.321,1.660,545.832,880
CHARLES_AUSTEN_PUMP,1747748183,1747748213,30000.09,0.805,0.402,546.234,278
AQUATEC_PUMP,1747748223,1747748253,30000.09,3.441,1.721,547.955,912
CHARLES_AUSTEN_PUMP,1747748263,1747748293,30000.08,0.810,0.405,548.360,280
AQUATEC_PUMP,1747748303,1747748333,30000.09,3.434,1.717,550.077,910
CHARLES_AUSTEN_PUMP,1747748343,1747748373,30000.06,0.808,0.404,550.481,279
AQUATEC_PUMP,1747748383,1747748413,30000.09,3.434,1.717,552.198,910
CHARLES_AUSTEN_PUMP,1747748423,1747748453,30000.09,0.819,0.410,552.607,283
AQUATEC_PUMP,1747748463,1747748493,30000.09,3.321,1.660,554.268,880
CHARLES_AUSTEN_PUMP,1747748503,1747748533,30000.09,0.819,0.410,554.677,283
AQUATEC_PUMP,1747748543,1747748573,30000.08,3.441,1.721,556.398,912
CHARLES_AUSTEN_PUMP,1747748583,1747748613,30000.10,0.822,0.411,556.809,284
AQUATEC_PUMP,1747748623,1747748653,30000.08,3.441,1.721,558.530,912
CHARLES_AUSTEN_PUMP,1747748663,1747748693,30000.10,0.831,0.415,558.945,287
AQUATEC_PUMP,1747748703,1747748733,30000.09,3.434,1.717,560.662,910
CHARLES_AUSTEN_PUMP,1747748743,1747748773,30000.08,0.828,0.414,561.076,286
AQUATEC_PUMP,1747748783,1747748813,30000.10,3.321,1.660,562.736,880
CHARLES_AUSTEN_PUMP,1747748823,1747748853,30000.16,0.825,0.412,563.149,285
AQUATEC_PUMP,1747748863,1747748893,30000.09,3.434,1.717,564.866,910
CHARLES_AUSTEN_PUMP,1747748903,1747748933,30000.09,0.825,0.412,565.278,285
AQUATEC_PUMP,1747748943,1747748973,30000.09,3.434,1.717,566.995,910
CHARLES_AUSTEN_PUMP,1747748983,1747749013,30000.09,0.828,0.414,567.409,286
AQUATEC_PUMP,1747749023,1747749053,30000.09,3.434,1.717,569.126,910
CHARLES_AUSTEN_PUMP,1747749063,1747749093,30000.10,0.831,0.415,569.541,287
AQUATEC_PUMP,1747749103,1747749133,30000.09,3.264,1.632,571.173,865
CHARLES_AUSTEN_PUMP,1747749143,1747749173,30000.09,0.825,0.412,571.586,285
AQUATEC_PUMP,1747749183,1747749213,30000.08,3.321,1.660,573.246,880
CHARLES_AUSTEN_PUMP,1747749223,1747749253,30000.09,0.822,0.411,573.657,284
AQUATEC_PUMP,1747749263,1747749293,30000.09,3.434,1.717,575.374,910
CHARLES_AUSTEN_PUMP,1747749303,1747749333,30000.09,0.825,0.412,575.787,285
AQUATEC_PUMP,1747749343,1747749373,30000.10,3.430,1.715,577.502,909
CHARLES_AUSTEN_PUMP,1747749383,1747749413,30000.10,0.825,0.412,577.914,285
AQUATEC_PUMP,1747749423,1747749453,30000.11,3.321,1.660,579.574,880
CHARLES_AUSTEN_PUMP,1747749463,1747749493,30000.16,0.822,0.411,579.985,284
AQUATEC_PUMP,1747749503,1747749533,30000.08,3.317,1.658,581.644,879
CHARLES_AUSTEN_PUMP,1747749543,1747749573,30000.09,0.834,0.417,582.061,288
AQUATEC_PUMP,1747749583,1747749613,30000.09,3.426,1.713,583.774,908
CHARLES_AUSTEN_PUMP,1747749623,1747749653,30000.08,0.819,0.410,584.184,283
AQUATEC_PUMP,1747749663,1747749693,30000.16,3.441,1.721,585.904,912
CHARLES_AUSTEN_PUMP,1747749703,1747749733,30000.10,0.836,0.418,586.323,289
AQUATEC_PUMP,1747749743,1747749773,30000.09,3.415,1.708,588.030,905
CHARLES_AUSTEN_PUMP,1747749783,1747749813,30000.10,0.822,0.411,588.441,284
AQUATEC_PUMP,1747749823,1747749853,30000.14,3.370,1.685,590.126,893
CHARLES_AUSTEN_PUMP,1747749863,1747749893,30000.08,0.810,0.405,590.531,280
AQUATEC_PUMP,1747749903,1747749933,30000.09,3.423,1.711,592.243,907
CHARLES_AUSTEN_PUMP,1747749943,1747749973,30000.10,0.802,0.401,592.643,277
AQUATEC_PUMP,1747749983,1747750013,30000.10,3.430,1.715,594.358,909
CHARLES_AUSTEN_PUMP,1747750023,1747750053,30000.09,0.825,0.412,594.771,285
AQUATEC_PUMP,1747750063,1747750093,30000.09,3.426,1.713,596.484,908
CHARLES_AUSTEN_PUMP,1747750103,1747750133,30000.10,0.822,0.411,596.895,284
AQUATEC_PUMP,1747750143,1747750173,30000.05,3.426,1.713,598.608,908
CHARLES_AUSTEN_PUMP,1747750183,1747750213,30000.09,0.822,0.411,599.019,284
AQUATEC_PUMP,1747750223,1747750253,30000.15,3.400,1.700,600.719,901
CHARLES_AUSTEN_PUMP,1747750263,1747750293,30000.09,0.816,0.408,601.127,282
AQUATEC_PUMP,1747750303,1747750333,30000.09,3.426,1.713,602.841,908
CHARLES_AUSTEN_PUMP,1747750343,1747750373,30000.10,0.822,0.411,603.252,284
AQUATEC_PUMP,1747750383,1747750413,30000.10,3.370,1.685,604.937,893
CHARLES_AUSTEN_PUMP,1747750423,1747750453,30000.10,0.810,0.405,605.342,280
AQUATEC_PUMP,1747750463,1747750493,30000.09,3.298,1.649,606.991,874
CHARLES_AUSTEN_PUMP,1747750503,1747750533,30000.15,0.813,0.407,607.397,281
AQUATEC_PUMP,1747750543,1747750573,30000.09,3.423,1.711,609.109,907
CHARLES_AUSTEN_PUMP,1747750583,1747750613,30000.09,0.822,0.411,609.520,284
AQUATEC_PUMP,1747750623,1747750653,30000.11,3.430,1.715,611.235,909
CHARLES_AUSTEN_PUMP,1747750663,1747750693,30000.08,0.822,0.411,611.646,284
AQUATEC_PUMP,1747750703,1747750733,30000.10,3.423,1.711,613.357,907
CHARLES_AUSTEN_PUMP,1747750743,1747750773,30000.15,0.822,0.411,613.768,284
AQUATEC_PUMP,1747750783,1747750813,30000.16,3.430,1.715,615.483,909
CHARLES_AUSTEN_PUMP,1747750823,1747750853,30000.08,0.825,0.412,615.896,285
AQUATEC_PUMP,1747750863,1747750893,30000.16,3.317,1.658,617.554,879
CHARLES_AUSTEN_PUMP,1747750903,1747750933,30000.09,0.831,0.415,617.970,287
AQUATEC_PUMP,1747750943,1747750973,30000.08,3.430,1.715,619.685,909
CHARLES_AUSTEN_PUMP,1747750983,1747751013,30000.09,0.825,0.412,620.097,285
AQUATEC_PUMP,1747751023,1747751053,30000.09,3.423,1.711,621.808,907
CHARLES_AUSTEN_PUMP,1747751063,1747751093,30000.09,0.825,0.412,622.221,285
AQUATEC_PUMP,1747751103,1747751133,30000.09,3.404,1.702,623.923,902
CHARLES_AUSTEN_PUMP,1747751143,1747751173,30000.09,0.813,0.407,624.329,281
AQUATEC_PUMP,1747751183,1747751213,30000.10,3.426,1.713,626.043,908
CHARLES_AUSTEN_PUMP,1747751223,1747751253,30000.10,0.819,0.410,626.452,283
AQUATEC_PUMP,1747751263,1747751293,30000.09,3.423,1.711,628.163,907
CHARLES_AUSTEN_PUMP,1747751303,1747751333,30000.15,0.816,0.408,628.572,282
AQUATEC_PUMP,1747751343,1747751373,30000.09,3.419,1.709,630.281,906
CHARLES_AUSTEN_PUMP,1747751383,1747751413,30000.09,0.825,0.412,630.693,285
AQUATEC_PUMP,1747751423,1747751453,30000.09,3.287,1.643,632.337,871
CHARLES_AUSTEN_PUMP,1747751463,1747751493,30000.10,0.805,0.402,632.739,278
AQUATEC_PUMP,1747751503,1747751533,30000.10,3.423,1.711,634.451,907
CHARLES_AUSTEN_PUMP,1747751543,1747751573,30000.10,0.819,0.410,634.860,283
AQUATEC_PUMP,1747751583,1747751613,30000.09,3.302,1.651,636.511,875
CHARLES_AUSTEN_PUMP,1747751623,1747751653,30000.09,0.813,0.407,636.918,281
AQUATEC_PUMP,1747751663,1747751693,30000.09,3.321,1.660,638.578,880
CHARLES_AUSTEN_PUMP,1747751703,1747751733,30000.09,0.813,0.407,638.985,281
AQUATEC_PUMP,1747751743,1747751773,30000.10,3.430,1.715,640.700,909
CHARLES_AUSTEN_PUMP,1747751783,1747751813,30000.08,0.822,0.411,641.111,284
AQUATEC_PUMP,1747751823,1747751853,30000.10,3.426,1.713,642.824,908
CHARLES_AUSTEN_PUMP,1747751863,1747751893,30000.10,0.816,0.408,643.232,282
AQUATEC_PUMP,1747751903,1747751933,30000.08,3.430,1.715,644.947,909
CHARLES_AUSTEN_PUMP,1747751943,1747751973,30000.09,0.810,0.405,645.352,280
AQUATEC_PUMP,1747751983,1747752013,30000.11,3.419,1.709,647.062,906
CHARLES_AUSTEN_PUMP,1747752023,1747752053,30000.09,0.822,0.411,647.473,284
AQUATEC_PUMP,1747752063,1747752093,30000.09,3.415,1.708,649.180,905
CHARLES_AUSTEN_PUMP,1747752103,1747752133,30000.10,0.819,0.410,649.590,283
AQUATEC_PUMP,1747752143,1747752173,30000.15,3.419,1.709,651.299,906
CHARLES_AUSTEN_PUMP,1747752183,1747752213,30000.09,0.819,0.410,651.709,283
AQUATEC_PUMP,1747752223,1747752253,30000.09,3.396,1.698,653.407,900
CHARLES_AUSTEN_PUMP,1747752263,1747752293,30000.09,0.805,0.402,653.809,278
AQUATEC_PUMP,1747752303,1747752333,30000.09,3.426,1.713,655.523,908
CHARLES_AUSTEN_PUMP,1747752343,1747752373,30000.09,0.808,0.404,655.926,279
AQUATEC_PUMP,1747752383,1747752413,30000.09,3.430,1.715,657.641,909
CHARLES_AUSTEN_PUMP,1747752423,1747752453,30000.09,0.813,0.407,658.048,281
AQUATEC_PUMP,1747752463,1747752493,30000.09,3.426,1.713,659.761,908
CHARLES_AUSTEN_PUMP,1747752503,1747752533,30000.10,0.831,0.415,660.177,287
AQUATEC_PUMP,1747752543,1747752573,30000.09,3.430,1.715,661.892,909
CHARLES_AUSTEN_PUMP,1747752583,1747752613,30000.11,0.822,0.411,662.303,284
AQUATEC_PUMP,1747752623,1747752653,30000.10,3.313,1.657,663.959,878
CHARLES_AUSTEN_PUMP,1747752664,1747752694,30000.09,0.813,0.407,664.366,281
AQUATEC_PUMP,1747752704,1747752734,30000.08,3.438,1.719,666.085,911
CHARLES_AUSTEN_PUMP,1747752744,1747752774,30000.10,0.828,0.414,666.499,286
AQUATEC_PUMP,1747752784,1747752814,30000.09,3.441,1.721,668.219,912
CHARLES_AUSTEN_PUMP,1747752824,1747752854,30000.10,0.819,0.410,668.629,283
AQUATEC_PUMP,1747752864,1747752894,30000.09,3.381,1.691,670.320,896
CHARLES_AUSTEN_PUMP,1747752904,1747752934,30000.09,0.822,0.411,670.731,284
AQUATEC_PUMP,1747752944,1747752974,30000.09,3.434,1.717,672.448,910
CHARLES_AUSTEN_PUMP,1747752984,1747753014,30000.08,0.819,0.410,672.857,283
AQUATEC_PUMP,1747753024,1747753054,30000.09,3.438,1.719,674.576,911
CHARLES_AUSTEN_PUMP,1747753064,1747753094,30000.09,0.819,0.410,674.986,283
AQUATEC_PUMP,1747753104,1747753134,30000.10,3.438,1.719,676.704,911
CHARLES_AUSTEN_PUMP,1747753144,1747753174,30000.10,0.822,0.411,677.115,284
AQUATEC_PUMP,1747753184,1747753214,30000.10,3.317,1.658,678.774,879
CHARLES_AUSTEN_PUMP,1747753224,1747753254,30000.11,0.819,0.410,679.183,283
AQUATEC_PUMP,1747753264,1747753294,30000.16,3.434,1.717,680.900,910
CHARLES_AUSTEN_PUMP,1747753304,1747753334,30000.11,0.822,0.411,681.311,284
AQUATEC_PUMP,1747753344,1747753374,30000.10,3.430,1.715,683.027,909
CHARLES_AUSTEN_PUMP,1747753384,1747753414,30000.09,0.822,0.411,683.438,284
AQUATEC_PUMP,1747753424,1747753454,30000.09,3.415,1.708,685.145,905
CHARLES_AUSTEN_PUMP,1747753464,1747753494,30000.09,0.810,0.405,685.550,280
AQUATEC_PUMP,1747753504,1747753534,30000.10,3.423,1.711,687.262,907
CHARLES_AUSTEN_PUMP,1747753544,1747753574,30000.14,0.819,0.410,687.671,283
AQUATEC_PUMP,1747753584,1747753614,30000.08,3.430,1.715,689.386,909
CHARLES_AUSTEN_PUMP,1747753624,1747753654,30000.09,0.822,0.411,689.797,284
AQUATEC_PUMP,1747753664,1747753694,30000.10,3.313,1.657,691.454,878
CHARLES_AUSTEN_PUMP,1747753704,1747753734,30000.09,0.825,0.412,691.866,285
AQUATEC_PUMP,1747753744,1747753774,30000.09,3.426,1.713,693.580,908
CHARLES_AUSTEN_PUMP,1747753784,1747753814,30000.10,0.822,0.411,693.991,284
AQUATEC_PUMP,1747753824,1747753854,30000.09,3.313,1.657,695.647,878
CHARLES_AUSTEN_PUMP,1747753864,1747753894,30000.09,0.816,0.408,696.055,282
AQUATEC_PUMP,1747753904,1747753934,30000.09,3.309,1.655,697.710,877
CHARLES_AUSTEN_PUMP,1747753944,1747753974,30000.10,0.819,0.410,698.119,283
AQUATEC_PUMP,1747753984,1747754014,30000.09,3.426,1.713,699.833,908
CHARLES_AUSTEN_PUMP,1747754024,1747754054,30000.09,0.808,0.404,700.236,279
AQUATEC_PUMP,1747754064,1747754094,30000.10,3.415,1.708,701.944,905
CHARLES_AUSTEN_PUMP,1747754104,1747754134,30000.09,0.819,0.410,702.354,283
AQUATEC_PUMP,1747754144,1747754174,30000.09,3.411,1.706,704.059,904
CHARLES_AUSTEN_PUMP,1747754184,1747754214,30000.09,0.816,0.408,704.467,282
AQUATEC_PUMP,1747754224,1747754254,30000.09,3.426,1.713,706.181,908
CHARLES_AUSTEN_PUMP,1747754264,1747754294,30000.09,0.822,0.411,706.592,284
AQUATEC_PUMP,1747754304,1747754334,30000.08,3.426,1.713,708.305,908
CHARLES_AUSTEN_PUMP,1747754344,1747754374,30000.10,0.819,0.410,708.714,283
AQUATEC_PUMP,1747754384,1747754414,30000.09,3.423,1.711,710.426,907
CHARLES_AUSTEN_PUMP,1747754424,1747754454,30000.08,0.825,0.412,710.838,285
AQUATEC_PUMP,1747754464,1747754494,30000.08,3.366,1.683,712.521,892
CHARLES_AUSTEN_PUMP,1747754504,1747754534,30000.15,0.816,0.408,712.929,282
AQUATEC_PUMP,1747754544,1747754574,30000.09,3.423,1.711,714.641,907
CHARLES_AUSTEN_PUMP,1747754584,1747754614,30000.15,0.831,0.415,715.056,287
AQUATEC_PUMP,1747754624,1747754654,30000.15,3.426,1.713,716.769,908
CHARLES_AUSTEN_PUMP,1747754664,1747754694,30000.08,0.822,0.411,717.180,284
AQUATEC_PUMP,1747754704,1747754734,30000.09,3.430,1.715,718.895,909
CHARLES_AUSTEN_PUMP,1747754744,1747754774,30000.09,0.828,0.414,719.309,286
AQUATEC_PUMP,1747754784,1747754814,30000.10,3.423,1.711,721.020,907
CHARLES_AUSTEN_PUMP,1747754824,1747754854,30000.10,0.828,0.414,721.434,286
AQUATEC_PUMP,1747754864,1747754894,30000.09,3.426,1.713,723.147,908
CHARLES_AUSTEN_PUMP,1747754904,1747754934,30000.09,0.822,0.411,723.558,284
AQUATEC_PUMP,1747754944,1747754974,30000.08,3.426,1.713,725.272,908
CHARLES_AUSTEN_PUMP,1747754984,1747755014,30000.08,0.819,0.410,725.681,283
AQUATEC_PUMP,1747755024,1747755054,30000.09,3.257,1.628,727.310,863
CHARLES_AUSTEN_PUMP,1747755064,1747755094,30000.09,0.816,0.408,727.718,282
AQUATEC_PUMP,1747755104,1747755134,30000.09,3.445,1.723,729.440,913
CHARLES_AUSTEN_PUMP,1747755144,1747755174,30000.09,0.825,0.412,729.853,285
AQUATEC_PUMP,1747755184,1747755214,30000.09,3.430,1.715,731.568,909
CHARLES_AUSTEN_PUMP,1747755224,1747755254,30000.10,0.822,0.411,731.979,284
AQUATEC_PUMP,1747755264,1747755294,30000.09,3.426,1.713,733.692,908
CHARLES_AUSTEN_PUMP,1747755304,1747755334,30000.17,0.831,0.415,734.107,287
AQUATEC_PUMP,1747755344,1747755374,30000.10,3.423,1.711,735.819,907
CHARLES_AUSTEN_PUMP,1747755384,1747755414,30000.09,0.819,0.410,736.228,283
AQUATEC_PUMP,1747755424,1747755454,30000.11,3.392,1.696,737.924,899
CHARLES_AUSTEN_PUMP,1747755464,1747755494,30000.16,0.802,0.401,738.325,277
AQUATEC_PUMP,1747755504,1747755534,30000.09,3.423,1.711,740.037,907
CHARLES_AUSTEN_PUMP,1747755544,1747755574,30000.09,0.819,0.410,740.446,283
AQUATEC_PUMP,1747755584,1747755614,30000.09,3.426,1.713,742.159,908
CHARLES_AUSTEN_PUMP,1747755624,1747755654,30000.09,0.816,0.408,742.568,282
AQUATEC_PUMP,1747755664,1747755694,30000.09,3.309,1.655,744.222,877
CHARLES_AUSTEN_PUMP,1747755704,1747755734,30000.16,0.822,0.411,744.633,284
AQUATEC_PUMP,1747755744,1747755774,30000.09,3.426,1.713,746.346,908
CHARLES_AUSTEN_PUMP,1747755784,1747755814,30000.07,0.819,0.410,746.756,283
AQUATEC_PUMP,1747755824,1747755854,30000.09,3.426,1.713,748.469,908
CHARLES_AUSTEN_PUMP,1747755864,1747755894,30000.10,0.822,0.411,748.880,284
AQUATEC_PUMP,1747755904,1747755934,30000.08,3.389,1.694,750.575,898
CHARLES_AUSTEN_PUMP,1747755944,1747755974,30000.09,0.799,0.399,750.974,276
AQUATEC_PUMP,1747755984,1747756014,30000.10,3.430,1.715,752.689,909
CHARLES_AUSTEN_PUMP,1747756024,1747756054,30000.09,0.831,0.415,753.104,287
AQUATEC_PUMP,1747756064,1747756094,30000.15,3.430,1.715,754.819,909
CHARLES_AUSTEN_PUMP,1747756104,1747756134,30000.09,0.831,0.415,755.235,287
AQUATEC_PUMP,1747756144,1747756174,30000.08,3.441,1.721,756.956,912
CHARLES_AUSTEN_PUMP,1747756184,1747756214,30000.09,0.816,0.408,757.364,282
AQUATEC_PUMP,1747756224,1747756254,30000.09,3.453,1.726,759.090,915
CHARLES_AUSTEN_PUMP,1747756264,1747756294,30000.10,0.822,0.411,759.501,284
AQUATEC_PUMP,1747756304,1747756334,30000.09,3.317,1.658,761.160,879
CHARLES_AUSTEN_PUMP,1747756344,1747756374,30000.10,0.825,0.412,761.572,285
AQUATEC_PUMP,1747756384,1747756414,30000.09,3.392,1.696,763.268,899
CHARLES_AUSTEN_PUMP,1747756424,1747756454,30000.09,0.813,0.407,763.675,281
AQUATEC_PUMP,1747756464,1747756494,30000.09,3.419,1.709,765.384,906
CHARLES_AUSTEN_PUMP,1747756504,1747756534,30000.09,0.819,0.410,765.794,283
AQUATEC_PUMP,1747756544,1747756574,30000.15,3.306,1.653,767.447,876
CHARLES_AUSTEN_PUMP,1747756584,1747756614,30000.09,0.819,0.410,767.856,283
AQUATEC_PUMP,1747756624,1747756654,30000.09,3.423,1.711,769.568,907
CHARLES_AUSTEN_PUMP,1747756664,1747756694,30000.16,0.822,0.411,769.979,284
AQUATEC_PUMP,1747756704,1747756734,30000.09,3.426,1.713,771.692,908
CHARLES_AUSTEN_PUMP,1747756744,1747756774,30000.09,0.816,0.408,772.100,282
AQUATEC_PUMP,1747756784,1747756814,30000.09,3.426,1.713,773.813,908
CHARLES_AUSTEN_PUMP,1747756824,1747756854,30000.09,0.813,0.407,774.220,281
AQUATEC_PUMP,1747756864,1747756894,30000.10,3.313,1.657,775.876,878
CHARLES_AUSTEN_PUMP,1747756904,1747756934,30000.09,0.816,0.408,776.284,282
AQUATEC_PUMP,1747756944,1747756974,30000.09,3.423,1.711,777.996,907
CHARLES_AUSTEN_PUMP,1747756984,1747757014,30000.09,0.816,0.408,778.404,282
AQUATEC_PUMP,1747757024,1747757054,30000.09,3.423,1.711,780.115,907
CHARLES_AUSTEN_PUMP,1747757064,1747757094,30000.06,0.822,0.411,780.526,284
AQUATEC_PUMP,1747757104,1747757134,30000.09,3.313,1.657,782.183,878
CHARLES_AUSTEN_PUMP,1747757144,1747757174,30000.09,0.810,0.405,782.588,280
AQUATEC_PUMP,1747757184,1747757214,30000.08,3.423,1.711,784.299,907
CHARLES_AUSTEN_PUMP,1747757224,1747757254,30000.09,0.810,0.405,784.705,280
AQUATEC_PUMP,1747757264,1747757294,30000.11,3.396,1.698,786.403,900
CHARLES_AUSTEN_PUMP,1747757304,1747757334,30000.10,0.802,0.401,786.804,277
AQUATEC_PUMP,1747757344,1747757374,30000.09,3.430,1.715,788.519,909
CHARLES_AUSTEN_PUMP,1747757384,1747757414,30000.09,0.816,0.408,788.927,282
AQUATEC_PUMP,1747757424,1747757454,30000.09,3.411,1.706,790.632,904
CHARLES_AUSTEN_PUMP,1747757464,1747757494,30000.10,0.802,0.401,791.033,277
AQUATEC_PUMP,1747757504,1747757534,30000.09,3.430,1.715,792.748,909
CHARLES_AUSTEN_PUMP,1747757544,1747757574,30000.16,0.808,0.404,793.152,279
AQUATEC_PUMP,1747757584,1747757614,30000.16,3.426,1.713,794.865,908
CHARLES_AUSTEN_PUMP,1747757624,1747757654,30000.09,0.813,0.407,795.272,281
AQUATEC_PUMP,1747757664,1747757694,30000.10,3.438,1.719,796.991,911
CHARLES_AUSTEN_PUMP,1747757704,1747757734,30000.10,0.808,0.404,797.395,279
AQUATEC_PUMP,1747757744,1747757774,30000.16,3.438,1.719,799.113,911
CHARLES_AUSTEN_PUMP,1747757784,1747757814,30000.16,0.822,0.411,799.524,284
AQUATEC_PUMP,1747757824,1747757854,30000.09,3.434,1.717,801.241,910
CHARLES_AUSTEN_PUMP,1747757864,1747757894,30000.09,0.825,0.412,801.654,285
AQUATEC_PUMP,1747757904,1747757934,30000.09,3.313,1.657,803.311,878
CHARLES_AUSTEN_PUMP,1747757944,1747757974,30000.16,0.816,0.408,803.719,282
AQUATEC_PUMP,1747757984,1747758014,30000.09,3.377,1.689,805.407,895
CHARLES_AUSTEN_PUMP,1747758024,1747758054,30000.09,0.813,0.407,805.814,281
AQUATEC_PUMP,1747758064,1747758094,30000.09,3.419,1.709,807.523,906
CHARLES_AUSTEN_PUMP,1747758104,1747758134,30000.09,0.819,0.410,807.933,283
AQUATEC_PUMP,1747758144,1747758174,30000.10,3.366,1.683,809.616,892
CHARLES_AUSTEN_PUMP,1747758184,1747758214,30000.09,0.816,0.408,810.024,282
AQUATEC_PUMP,1747758224,1747758254,30000.10,3.423,1.711,811.735,907
CHARLES_AUSTEN_PUMP,1747758264,1747758294,30000.06,0.816,0.408,812.143,282
AQUATEC_PUMP,1747758304,1747758334,30000.09,3.408,1.704,813.847,903
CHARLES_AUSTEN_PUMP,1747758344,1747758374,30000.09,0.810,0.405,814.252,280
AQUATEC_PUMP,1747758384,1747758414,30000.09,3.419,1.709,815.962,906
CHARLES_AUSTEN_PUMP,1747758424,1747758454,30000.09,0.825,0.412,816.374,285
AQUATEC_PUMP,1747758464,1747758494,30000.11,3.302,1.651,818.025,875
CHARLES_AUSTEN_PUMP,1747758504,1747758534,30000.09,0.816,0.408,818.433,282
AQUATEC_PUMP,1747758544,1747758574,30000.09,3.423,1.711,820.145,907
CHARLES_AUSTEN_PUMP,1747758584,1747758614,30000.11,0.828,0.414,820.559,286
AQUATEC_PUMP,1747758624,1747758654,30000.08,3.411,1.706,822.264,904
CHARLES_AUSTEN_PUMP,1747758664,1747758694,30000.09,0.802,0.401,822.665,277
AQUATEC_PUMP,1747758704,1747758734,30000.09,3.423,1.711,824.376,907
CHARLES_AUSTEN_PUMP,1747758744,1747758774,30000.09,0.828,0.414,824.790,286
AQUATEC_PUMP,1747758784,1747758814,30000.09,3.309,1.655,826.445,877
CHARLES_AUSTEN_PUMP,1747758824,1747758854,30000.09,0.816,0.408,826.853,282
AQUATEC_PUMP,1747758864,1747758894,30000.09,3.377,1.689,828.542,895
CHARLES_AUSTEN_PUMP,1747758904,1747758934,30000.06,0.816,0.408,828.950,282
AQUATEC_PUMP,1747758944,1747758974,30000.09,3.302,1.651,830.601,875
CHARLES_AUSTEN_PUMP,1747758984,1747759014,30000.09,0.808,0.404,831.005,279
AQUATEC_PUMP,1747759024,1747759054,30000.09,3.309,1.655,832.659,877
CHARLES_AUSTEN_PUMP,1747759064,1747759094,30000.09,0.819,0.410,833.069,283
AQUATEC_PUMP,1747759104,1747759134,30000.09,3.434,1.717,834.786,910
CHARLES_AUSTEN_PUMP,1747759144,1747759174,30000.11,0.822,0.411,835.197,284
AQUATEC_PUMP,1747759184,1747759214,30000.10,3.430,1.715,836.912,909
CHARLES_AUSTEN_PUMP,1747759224,1747759254,30000.09,0.819,0.410,837.322,283
AQUATEC_PUMP,1747759264,1747759294,30000.09,3.302,1.651,838.973,875
CHARLES_AUSTEN_PUMP,1747759304,1747759334,30000.15,0.813,0.407,839.379,281
AQUATEC_PUMP,1747759344,1747759374,30000.14,3.381,1.691,841.070,896
CHARLES_AUSTEN_PUMP,1747759384,1747759414,30000.09,0.808,0.404,841.473,279
AQUATEC_PUMP,1747759424,1747759454,30000.09,3.426,1.713,843.187,908
CHARLES_AUSTEN_PUMP,1747759464,1747759494,30000.09,0.816,0.408,843.595,282
AQUATEC_PUMP,1747759504,1747759534,30000.10,3.313,1.657,845.251,878
CHARLES_AUSTEN_PUMP,1747759544,1747759574,30000.08,0.819,0.410,845.661,283
AQUATEC_PUMP,1747759584,1747759614,30000.10,3.430,1.715,847.376,909
CHARLES_AUSTEN_PUMP,1747759624,1747759654,30000.10,0.825,0.412,847.789,285
AQUATEC_PUMP,1747759664,1747759694,30000.08,3.370,1.685,849.473,893
CHARLES_AUSTEN_PUMP,1747759704,1747759734,30000.08,0.819,0.410,849.883,283
AQUATEC_PUMP,1747759744,1747759774,30000.09,3.426,1.713,851.596,908
CHARLES_AUSTEN_PUMP,1747759784,1747759814,30000.10,0.813,0.407,852.003,281
AQUATEC_PUMP,1747759824,1747759854,30000.10,3.434,1.717,853.720,910
CHARLES_AUSTEN_PUMP,1747759864,1747759894,30000.15,0.819,0.410,854.129,283
AQUATEC_PUMP,1747759904,1747759934,30000.09,3.434,1.717,855.846,910
CHARLES_AUSTEN_PUMP,1747759944,1747759974,30000.08,0.819,0.410,856.256,283
AQUATEC_PUMP,1747759984,1747760014,30000.11,3.430,1.715,857.971,909
CHARLES_AUSTEN_PUMP,1747760024,1747760054,30000.08,0.813,0.407,858.378,281
AQUATEC_PUMP,1747760064,1747760094,30000.15,3.358,1.679,860.057,890
CHARLES_AUSTEN_PUMP,1747760104,1747760134,30000.09,0.810,0.405,860.462,280
AQUATEC_PUMP,1747760144,1747760174,30000.09,3.426,1.713,862.175,908
CHARLES_AUSTEN_PUMP,1747760184,1747760214,30000.09,0.822,0.411,862.586,284
AQUATEC_PUMP,1747760224,1747760254,30000.10,3.438,1.719,864.305,911
CHARLES_AUSTEN_PUMP,1747760264,1747760294,30000.09,0.813,0.407,864.712,281
AQUATEC_PUMP,1747760304,1747760334,30000.09,3.423,1.711,866.423,907
CHARLES_AUSTEN_PUMP,1747760344,1747760374,30000.06,0.819,0.410,866.833,283
AQUATEC_PUMP,1747760384,1747760414,30000.09,3.309,1.655,868.487,877
CHARLES_AUSTEN_PUMP,1747760424,1747760454,30000.09,0.822,0.411,868.898,284
AQUATEC_PUMP,1747760464,1747760494,30000.09,3.430,1.715,870.614,909
CHARLES_AUSTEN_PUMP,1747760504,1747760534,30000.09,0.816,0.408,871.022,282
AQUATEC_PUMP,1747760544,1747760574,30000.09,3.423,1.711,872.733,907
CHARLES_AUSTEN_PUMP,1747760584,1747760614,30000.09,0.834,0.417,873.150,288
AQUATEC_PUMP,1747760624,1747760654,30000.10,3.426,1.713,874.863,908
CHARLES_AUSTEN_PUMP,1747760664,1747760694,30000.09,0.825,0.412,875.275,285
AQUATEC_PUMP,1747760704,1747760734,30000.09,3.309,1.655,876.930,877
CHARLES_AUSTEN_PUMP,1747760744,1747760774,30000.10,0.822,0.411,877.341,284
AQUATEC_PUMP,1747760784,1747760814,30000.10,3.430,1.715,879.056,909
CHARLES_AUSTEN_PUMP,1747760824,1747760854,30000.09,0.822,0.411,879.467,284
AQUATEC_PUMP,1747760864,1747760894,30000.10,3.423,1.711,881.179,907
CHARLES_AUSTEN_PUMP,1747760904,1747760934,30000.08,0.825,0.412,881.591,285
AQUATEC_PUMP,1747760944,1747760974,30000.09,3.400,1.700,883.291,901
CHARLES_AUSTEN_PUMP,1747760984,1747761014,30000.16,0.805,0.402,883.693,278
AQUATEC_PUMP,1747761024,1747761054,30000.09,3.426,1.713,885.406,908
CHARLES_AUSTEN_PUMP,1747761064,1747761094,30000.09,0.810,0.405,885.812,280
AQUATEC_PUMP,1747761104,1747761134,30000.10,3.426,1.713,887.525,908
CHARLES_AUSTEN_PUMP,1747761144,1747761174,30000.10,0.813,0.407,887.932,281
AQUATEC_PUMP,1747761184,1747761214,30000.09,3.257,1.628,889.560,863
CHARLES_AUSTEN_PUMP,1747761224,1747761254,30000.09,0.805,0.402,889.962,278
AQUATEC_PUMP,1747761264,1747761294,30000.08,3.426,1.713,891.675,908
CHARLES_AUSTEN_PUMP,1747761304,1747761334,30000.09,0.825,0.412,892.088,285
AQUATEC_PUMP,1747761344,1747761374,30000.09,3.423,1.711,893.799,907
CHARLES_AUSTEN_PUMP,1747761384,1747761414,30000.10,0.819,0.410,894.209,283
AQUATEC_PUMP,1747761424,1747761454,30000.09,3.426,1.713,895.922,908
CHARLES_AUSTEN_PUMP,1747761464,1747761494,30000.10,0.813,0.407,896.329,281
AQUATEC_PUMP,1747761504,1747761534,30000.10,3.370,1.685,898.013,893
CHARLES_AUSTEN_PUMP,1747761544,1747761574,30000.10,0.805,0.402,898.416,278
AQUATEC_PUMP,1747761584,1747761614,30000.10,3.423,1.711,900.127,907
CHARLES_AUSTEN_PUMP,1747761624,1747761654,30000.10,0.810,0.405,900.532,280
AQUATEC_PUMP,1747761664,1747761694,30000.10,3.411,1.706,902.238,904
CHARLES_AUSTEN_PUMP,1747761704,1747761734,30000.09,0.822,0.411,902.649,284
AQUATEC_PUMP,1747761744,1747761774,30000.09,3.415,1.708,904.357,905
CHARLES_AUSTEN_PUMP,1747761784,1747761814,30000.16,0.816,0.408,904.765,282
AQUATEC_PUMP,1747761824,1747761854,30000.09,3.415,1.708,906.472,905
CHARLES_AUSTEN_PUMP,1747761864,1747761894,30000.10,0.813,0.407,906.879,281
AQUATEC_PUMP,1747761904,1747761934,30000.10,3.415,1.708,908.586,905
CHARLES_AUSTEN_PUMP,1747761944,1747761974,30000.10,0.822,0.411,908.997,284
AQUATEC_PUMP,1747761984,1747762014,30000.10,3.419,1.709,910.707,906
CHARLES_AUSTEN_PUMP,1747762024,1747762054,30000.09,0.831,0.415,911.122,287
AQUATEC_PUMP,1747762064,1747762094,30000.09,3.404,1.702,912.824,902
CHARLES_AUSTEN_PUMP,1747762104,1747762134,30000.09,0.810,0.405,913.229,280
AQUATEC_PUMP,1747762144,1747762174,30000.09,3.419,1.709,914.939,906
CHARLES_AUSTEN_PUMP,1747762184,1747762214,30000.12,0.813,0.407,915.345,281
AQUATEC_PUMP,1747762224,1747762254,30000.10,3.415,1.708,917.053,905
CHARLES_AUSTEN_PUMP,1747762264,1747762294,30000.09,0.816,0.408,917.461,282
AQUATEC_PUMP,1747762304,1747762334,30000.08,3.415,1.708,919.169,905
CHARLES_AUSTEN_PUMP,1747762344,1747762374,30000.08,0.813,0.407,919.575,281
AQUATEC_PUMP,1747762384,1747762414,30000.09,3.423,1.711,921.287,907
CHARLES_AUSTEN_PUMP,1747762424,1747762454,30000.09,0.816,0.408,921.695,282
AQUATEC_PUMP,1747762464,1747762494,30000.08,3.415,1.708,923.402,905
CHARLES_AUSTEN_PUMP,1747762504,1747762534,30000.15,0.822,0.411,923.813,284
AQUATEC_PUMP,1747762544,1747762574,30000.09,3.411,1.706,925.519,904
CHARLES_AUSTEN_PUMP,1747762584,1747762614,30000.08,0.819,0.410,925.928,283
AQUATEC_PUMP,1747762624,1747762654,30000.09,3.419,1.709,927.638,906
CHARLES_AUSTEN_PUMP,1747762664,1747762694,30000.09,0.816,0.408,928.046,282
AQUATEC_PUMP,1747762704,1747762734,30000.09,3.415,1.708,929.753,905
CHARLES_AUSTEN_PUMP,1747762744,1747762774,30000.09,0.834,0.417,930.170,288
AQUATEC_PUMP,1747762784,1747762814,30000.09,3.411,1.706,931.876,904
CHARLES_AUSTEN_PUMP,1747762824,1747762854,30000.10,0.822,0.411,932.287,284
AQUATEC_PUMP,1747762864,1747762894,30000.11,3.423,1.711,933.998,907
CHARLES_AUSTEN_PUMP,1747762904,1747762934,30000.08,0.822,0.411,934.409,284
AQUATEC_PUMP,1747762944,1747762974,30000.09,3.419,1.709,936.119,906
CHARLES_AUSTEN_PUMP,1747762984,1747763014,30000.11,0.825,0.412,936.531,285
AQUATEC_PUMP,1747763024,1747763054,30000.09,3.415,1.708,938.239,905
CHARLES_AUSTEN_PUMP,1747763064,1747763094,30000.15,0.822,0.411,938.650,284
AQUATEC_PUMP,1747763104,1747763134,30000.09,3.389,1.694,940.344,898
CHARLES_AUSTEN_PUMP,1747763144,1747763174,30000.11,0.813,0.407,940.751,281
AQUATEC_PUMP,1747763184,1747763214,30000.09,3.302,1.651,942.402,875
CHARLES_AUSTEN_PUMP,1747763224,1747763254,30000.09,0.813,0.407,942.808,281
AQUATEC_PUMP,1747763264,1747763294,30000.08,3.415,1.708,944.516,905
CHARLES_AUSTEN_PUMP,1747763304,1747763334,30000.09,0.816,0.408,944.924,282
AQUATEC_PUMP,1747763344,1747763374,30000.09,3.362,1.681,946.605,891
CHARLES_AUSTEN_PUMP,1747763384,1747763414,30000.10,0.822,0.411,947.016,284
AQUATEC_PUMP,1747763424,1747763454,30000.08,3.419,1.709,948.725,906
CHARLES_AUSTEN_PUMP,1747763464,1747763494,30000.09,0.831,0.415,949.141,287
AQUATEC_PUMP,1747763504,1747763534,30000.08,3.415,1.708,950.848,905
CHARLES_AUSTEN_PUMP,1747763544,1747763574,30000.09,0.819,0.410,951.258,283
AQUATEC_PUMP,1747763584,1747763614,30000.09,3.411,1.706,952.964,904
CHARLES_AUSTEN_PUMP,1747763624,1747763654,30000.09,0.828,0.414,953.377,286
AQUATEC_PUMP,1747763664,1747763694,30000.10,3.411,1.706,955.083,904
CHARLES_AUSTEN_PUMP,1747763704,1747763734,30000.09,0.822,0.411,955.494,284
AQUATEC_PUMP,1747763744,1747763774,30000.10,3.370,1.685,957.179,893
CHARLES_AUSTEN_PUMP,1747763784,1747763814,30000.09,0.813,0.407,957.586,281
AQUATEC_PUMP,1747763824,1747763854,30000.10,3.298,1.649,959.235,874
CHARLES_AUSTEN_PUMP,1747763864,1747763894,30000.09,0.822,0.411,959.646,284
AQUATEC_PUMP,1747763904,1747763934,30000.08,3.287,1.643,961.289,871
CHARLES_AUSTEN_PUMP,1747763944,1747763974,30000.09,0.810,0.405,961.694,280
AQUATEC_PUMP,1747763984,1747764014,30000.08,3.325,1.662,963.357,881
CHARLES_AUSTEN_PUMP,1747764024,1747764054,30000.08,0.810,0.405,963.762,280
AQUATEC_PUMP,1747764064,1747764094,30000.06,3.438,1.719,965.481,911
CHARLES_AUSTEN_PUMP,1747764104,1747764134,30000.07,0.819,0.410,965.890,283
AQUATEC_PUMP,1747764144,1747764174,30000.08,3.430,1.715,967.605,909
CHARLES_AUSTEN_PUMP,1747764184,1747764214,30000.10,0.822,0.411,968.016,284
AQUATEC_PUMP,1747764224,1747764254,30000.09,3.325,1.662,969.679,881
CHARLES_AUSTEN_PUMP,1747764264,1747764294,30000.10,0.822,0.411,970.090,284
AQUATEC_PUMP,1747764304,1747764334,30000.10,3.419,1.709,971.799,906
CHARLES_AUSTEN_PUMP,1747764344,1747764374,30000.09,0.825,0.412,972.211,285
AQUATEC_PUMP,1747764384,1747764414,30000.08,3.404,1.702,973.913,902
CHARLES_AUSTEN_PUMP,1747764424,1747764454,30000.09,0.828,0.414,974.327,286
AQUATEC_PUMP,1747764464,1747764494,30000.09,3.411,1.706,976.033,904
CHARLES_AUSTEN_PUMP,1747764504,1747764534,30000.15,0.828,0.414,976.447,286
AQUATEC_PUMP,1747764544,1747764574,30000.09,3.419,1.709,978.156,906
CHARLES_AUSTEN_PUMP,1747764584,1747764614,30000.08,0.822,0.411,978.567,284
AQUATEC_PUMP,1747764624,1747764654,30000.09,3.313,1.657,980.224,878
CHARLES_AUSTEN_PUMP,1747764664,1747764694,30000.09,0.828,0.414,980.638,286
AQUATEC_PUMP,1747764704,1747764734,30000.10,3.408,1.704,982.341,903
CHARLES_AUSTEN_PUMP,1747764744,1747764774,30000.09,0.836,0.418,982.760,289
AQUATEC_PUMP,1747764784,1747764814,30000.10,3.419,1.709,984.469,906
CHARLES_AUSTEN_PUMP,1747764824,1747764854,30000.10,0.822,0.411,984.880,284
AQUATEC_PUMP,1747764864,1747764894,30000.09,3.423,1.711,986.591,907
CHARLES_AUSTEN_PUMP,1747764904,1747764934,30000.09,0.828,0.414,987.005,286
AQUATEC_PUMP,1747764944,1747764974,30000.09,3.426,1.713,988.719,908
CHARLES_AUSTEN_PUMP,1747764984,1747765014,30000.08,0.828,0.414,989.132,286
AQUATEC_PUMP,1747765024,1747765054,30000.16,3.302,1.651,990.783,875
CHARLES_AUSTEN_PUMP,1747765064,1747765094,30000.09,0.822,0.411,991.194,284
AQUATEC_PUMP,1747765104,1747765134,30000.09,3.423,1.711,992.906,907
CHARLES_AUSTEN_PUMP,1747765144,1747765174,30000.09,0.828,0.414,993.320,286
AQUATEC_PUMP,1747765184,1747765214,30000.09,3.426,1.713,995.033,908
CHARLES_AUSTEN_PUMP,1747765224,1747765254,30000.10,0.825,0.412,995.445,285
AQUATEC_PUMP,1747765264,1747765294,30000.10,3.321,1.660,997.106,880
CHARLES_AUSTEN_PUMP,1747765304,1747765334,30000.09,0.831,0.415,997.521,287
AQUATEC_PUMP,1747765344,1747765374,30000.10,3.385,1.692,999.213,897
CHARLES_AUSTEN_PUMP,1747765384,1747765414,30000.10,0.819,0.410,999.623,283
AQUATEC_PUMP,1747765424,1747765454,30000.10,3.423,1.711,1001.334,907
CHARLES_AUSTEN_PUMP,1747765464,1747765494,30000.10,0.819,0.410,1001.744,283
AQUATEC_PUMP,1747765504,1747765534,30000.10,3.419,1.709,1003.453,906
CHARLES_AUSTEN_PUMP,1747765544,1747765574,30000.10,0.819,0.410,1003.863,283
AQUATEC_PUMP,1747765584,1747765614,30000.10,3.419,1.709,1005.572,906
CHARLES_AUSTEN_PUMP,1747765624,1747765654,30000.11,0.834,0.417,1005.989,288
AQUATEC_PUMP,1747765664,1747765694,30000.08,3.423,1.711,1007.700,907
CHARLES_AUSTEN_PUMP,1747765704,1747765734,30000.08,0.822,0.411,1008.111,284
AQUATEC_PUMP,1747765744,1747765774,30000.09,3.423,1.711,1009.823,907
CHARLES_AUSTEN_PUMP,1747765784,1747765814,30000.09,0.822,0.411,1010.234,284
AQUATEC_PUMP,1747765824,1747765854,30000.11,3.423,1.711,1011.945,907
CHARLES_AUSTEN_PUMP,1747765864,1747765894,30000.10,0.813,0.407,1012.352,281
AQUATEC_PUMP,1747765904,1747765934,30000.16,3.426,1.713,1014.065,908
CHARLES_AUSTEN_PUMP,1747765944,1747765974,30000.09,0.834,0.417,1014.482,288
AQUATEC_PUMP,1747765984,1747766014,30000.09,3.434,1.717,1016.199,910
CHARLES_AUSTEN_PUMP,1747766024,1747766054,30000.09,0.828,0.414,1016.613,286
AQUATEC_PUMP,1747766064,1747766094,30000.09,3.445,1.723,1018.335,913
CHARLES_AUSTEN_PUMP,1747766104,1747766134,30000.11,0.828,0.414,1018.749,286
AQUATEC_PUMP,1747766144,1747766174,30000.11,3.434,1.717,1020.466,910
CHARLES_AUSTEN_PUMP,1747766184,1747766214,30000.09,0.836,0.418,1020.884,289
AQUATEC_PUMP,1747766224,1747766254,30000.10,3.404,1.702,1022.586,902
CHARLES_AUSTEN_PUMP,1747766264,1747766294,30000.10,0.810,0.405,1022.991,280
AQUATEC_PUMP,1747766304,1747766334,30000.09,3.430,1.715,1024.707,909
CHARLES_AUSTEN_PUMP,1747766344,1747766374,30000.09,0.822,0.411,1025.118,284
AQUATEC_PUMP,1747766384,1747766414,30000.10,3.430,1.715,1026.833,909
CHARLES_AUSTEN_PUMP,1747766424,1747766454,30000.10,0.836,0.418,1027.251,289
AQUATEC_PUMP,1747766464,1747766494,30000.11,3.426,1.713,1028.964,908
CHARLES_AUSTEN_PUMP,1747766504,1747766534,30000.08,0.816,0.408,1029.372,282
AQUATEC_PUMP,1747766544,1747766574,30000.11,3.381,1.691,1031.063,896
CHARLES_AUSTEN_PUMP,1747766584,1747766614,30000.19,0.802,0.401,1031.464,277
AQUATEC_PUMP,1747766624,1747766654,30000.09,3.415,1.708,1033.171,905
CHARLES_AUSTEN_PUMP,1747766664,1747766694,30000.09,0.819,0.410,1033.581,283
AQUATEC_PUMP,1747766704,1747766734,30000.09,3.415,1.708,1035.288,905
CHARLES_AUSTEN_PUMP,1747766744,1747766774,30000.08,0.831,0.415,1035.704,287
AQUATEC_PUMP,1747766784,1747766814,30000.09,3.294,1.647,1037.351,873
CHARLES_AUSTEN_PUMP,1747766824,1747766854,30000.09,0.825,0.412,1037.763,285
AQUATEC_PUMP,1747766864,1747766894,30000.09,3.415,1.708,1039.471,905
CHARLES_AUSTEN_PUMP,1747766904,1747766934,30000.09,0.819,0.410,1039.880,283
AQUATEC_PUMP,1747766944,1747766974,30000.09,3.419,1.709,1041.590,906
CHARLES_AUSTEN_PUMP,1747766984,1747767014,30000.10,0.822,0.411,1042.001,284
AQUATEC_PUMP,1747767024,1747767054,30000.05,3.287,1.643,1043.644,871
CHARLES_AUSTEN_PUMP,1747767064,1747767094,30000.06,0.822,0.411,1044.055,284
AQUATEC_PUMP,1747767104,1747767134,30000.15,3.268,1.634,1045.689,866
CHARLES_AUSTEN_PUMP,1747767144,1747767174,30000.10,0.808,0.404,1046.093,279
AQUATEC_PUMP,1747767184,1747767214,30000.09,3.291,1.645,1047.738,872
CHARLES_AUSTEN_PUMP,1747767224,1747767254,30000.11,0.816,0.408,1048.146,282
AQUATEC_PUMP,1747767264,1747767294,30000.09,3.411,1.706,1049.852,904
CHARLES_AUSTEN_PUMP,1747767304,1747767334,30000.08,0.822,0.411,1050.263,284
AQUATEC_PUMP,1747767344,1747767374,30000.11,3.411,1.706,1051.969,904
CHARLES_AUSTEN_PUMP,1747767384,1747767414,30000.07,0.819,0.410,1052.378,283
AQUATEC_PUMP,1747767424,1747767454,30000.09,3.389,1.694,1054.072,898
CHARLES_AUSTEN_PUMP,1747767464,1747767494,30000.09,0.819,0.410,1054.482,283
AQUATEC_PUMP,1747767504,1747767534,30000.09,3.411,1.706,1056.188,904
CHARLES_AUSTEN_PUMP,1747767544,1747767574,30000.08,0.819,0.410,1056.597,283
AQUATEC_PUMP,1747767584,1747767614,30000.09,3.415,1.708,1058.305,905
CHARLES_AUSTEN_PUMP,1747767624,1747767654,30000.09,0.822,0.411,1058.716,284
AQUATEC_PUMP,1747767664,1747767694,30000.09,3.415,1.708,1060.423,905
CHARLES_AUSTEN_PUMP,1747767704,1747767734,30000.09,0.825,0.412,1060.836,285
AQUATEC_PUMP,1747767744,1747767774,30000.09,3.408,1.704,1062.540,903
CHARLES_AUSTEN_PUMP,1747767784,1747767814,30000.09,0.825,0.412,1062.952,285
AQUATEC_PUMP,1747767824,1747767854,30000.15,3.415,1.708,1064.660,905
CHARLES_AUSTEN_PUMP,1747767864,1747767894,30000.09,0.834,0.417,1065.076,288
AQUATEC_PUMP,1747767904,1747767934,30000.09,3.392,1.696,1066.773,899
CHARLES_AUSTEN_PUMP,1747767944,1747767974,30000.08,0.825,0.412,1067.185,285
AQUATEC_PUMP,1747767984,1747768014,30000.09,3.415,1.708,1068.893,905
CHARLES_AUSTEN_PUMP,1747768024,1747768054,30000.09,0.831,0.415,1069.308,287
AQUATEC_PUMP,1747768064,1747768094,30000.08,3.411,1.706,1071.014,904
CHARLES_AUSTEN_PUMP,1747768104,1747768134,30000.09,0.819,0.410,1071.423,283
AQUATEC_PUMP,1747768144,1747768174,30000.09,3.411,1.706,1073.129,904
CHARLES_AUSTEN_PUMP,1747768184,1747768214,30000.09,0.828,0.414,1073.543,286
AQUATEC_PUMP,1747768224,1747768254,30000.09,3.272,1.636,1075.178,867
CHARLES_AUSTEN_PUMP,1747768264,1747768294,30000.09,0.822,0.411,1075.589,284
AQUATEC_PUMP,1747768304,1747768334,30000.10,3.408,1.704,1077.293,903
CHARLES_AUSTEN_PUMP,1747768344,1747768374,30000.10,0.831,0.415,1077.709,287
AQUATEC_PUMP,1747768384,1747768414,30000.09,3.411,1.706,1079.414,904
CHARLES_AUSTEN_PUMP,1747768424,1747768454,30000.09,0.831,0.415,1079.830,287
AQUATEC_PUMP,1747768464,1747768494,30000.09,3.408,1.704,1081.533,903
CHARLES_AUSTEN_PUMP,1747768504,1747768534,30000.09,0.834,0.417,1081.950,288
AQUATEC_PUMP,1747768544,1747768574,30000.09,3.358,1.679,1083.629,890
CHARLES_AUSTEN_PUMP,1747768584,1747768614,30000.10,0.825,0.412,1084.042,285
AQUATEC_PUMP,1747768624,1747768654,30000.10,3.404,1.702,1085.744,902
CHARLES_AUSTEN_PUMP,1747768664,1747768694,30000.09,0.825,0.412,1086.156,285
AQUATEC_PUMP,1747768704,1747768734,30000.09,3.408,1.704,1087.860,903
CHARLES_AUSTEN_PUMP,1747768744,1747768774,30000.10,0.828,0.414,1088.274,286
AQUATEC_PUMP,1747768784,1747768814,30000.10,3.411,1.706,1089.979,904
CHARLES_AUSTEN_PUMP,1747768824,1747768854,30000.09,0.822,0.411,1090.390,284
AQUATEC_PUMP,1747768864,1747768894,30000.08,3.358,1.679,1092.070,890
CHARLES_AUSTEN_PUMP,1747768904,1747768934,30000.15,0.834,0.417,1092.487,288
AQUATEC_PUMP,1747768944,1747768974,30000.15,3.415,1.708,1094.194,905
CHARLES_AUSTEN_PUMP,1747768984,1747769014,30000.09,0.836,0.418,1094.612,289
AQUATEC_PUMP,1747769024,1747769054,30000.09,3.411,1.706,1096.318,904
CHARLES_AUSTEN_PUMP,1747769064,1747769094,30000.10,0.831,0.415,1096.733,287
AQUATEC_PUMP,1747769104,1747769134,30000.09,3.411,1.706,1098.439,904
CHARLES_AUSTEN_PUMP,1747769144,1747769174,30000.10,0.828,0.414,1098.853,286
AQUATEC_PUMP,1747769184,1747769214,30000.09,3.419,1.709,1100.562,906
CHARLES_AUSTEN_PUMP,1747769224,1747769254,30000.09,0.828,0.414,1100.976,286
AQUATEC_PUMP,1747769264,1747769294,30000.10,3.404,1.702,1102.678,902
CHARLES_AUSTEN_PUMP,1747769304,1747769334,30000.09,0.825,0.412,1103.091,285
AQUATEC_PUMP,1747769344,1747769374,30000.09,3.408,1.704,1104.794,903
CHARLES_AUSTEN_PUMP,1747769384,1747769414,30000.10,0.836,0.418,1105.213,289
AQUATEC_PUMP,1747769424,1747769454,30000.09,3.411,1.706,1106.918,904
CHARLES_AUSTEN_PUMP,1747769464,1747769494,30000.09,0.825,0.412,1107.331,285
AQUATEC_PUMP,1747769504,1747769534,30000.08,3.302,1.651,1108.982,875
CHARLES_AUSTEN_PUMP,1747769544,1747769574,30000.09,0.825,0.412,1109.394,285
AQUATEC_PUMP,1747769584,1747769614,30000.09,3.419,1.709,1111.103,906
CHARLES_AUSTEN_PUMP,1747769624,1747769654,30000.09,0.831,0.415,1111.519,287
AQUATEC_PUMP,1747769664,1747769694,30000.10,3.411,1.706,1113.224,904
CHARLES_AUSTEN_PUMP,1747769704,1747769734,30000.10,0.828,0.414,1113.638,286
AQUATEC_PUMP,1747769744,1747769774,30000.09,3.351,1.675,1115.314,888
CHARLES_AUSTEN_PUMP,1747769784,1747769814,30000.08,0.822,0.411,1115.725,284
AQUATEC_PUMP,1747769824,1747769854,30000.09,3.404,1.702,1117.427,902
CHARLES_AUSTEN_PUMP,1747769864,1747769894,30000.08,0.813,0.407,1117.833,281
AQUATEC_PUMP,1747769904,1747769934,30000.08,3.408,1.704,1119.537,903
CHARLES_AUSTEN_PUMP,1747769944,1747769974,30000.10,0.825,0.412,1119.950,285
AQUATEC_PUMP,1747769984,1747770014,30000.09,3.419,1.709,1121.659,906
CHARLES_AUSTEN_PUMP,1747770024,1747770054,30000.10,0.828,0.414,1122.073,286
AQUATEC_PUMP,1747770064,1747770094,30000.09,3.415,1.708,1123.780,905
CHARLES_AUSTEN_PUMP,1747770104,1747770134,30000.10,0.836,0.418,1124.199,289
AQUATEC_PUMP,1747770144,1747770174,30000.10,3.415,1.708,1125.906,905
CHARLES_AUSTEN_PUMP,1747770184,1747770214,30000.11,0.831,0.415,1126.322,287
AQUATEC_PUMP,1747770224,1747770254,30000.10,3.347,1.674,1127.995,887
CHARLES_AUSTEN_PUMP,1747770264,1747770294,30000.10,0.819,0.410,1128.405,283
AQUATEC_PUMP,1747770304,1747770334,30000.09,3.249,1.625,1130.029,861
CHARLES_AUSTEN_PUMP,1747770344,1747770374,30000.10,0.822,0.411,1130.440,284
AQUATEC_PUMP,1747770384,1747770414,30000.09,3.374,1.687,1132.127,894
CHARLES_AUSTEN_PUMP,1747770424,1747770454,30000.10,0.834,0.417,1132.544,288
AQUATEC_PUMP,1747770464,1747770494,30000.10,3.419,1.709,1134.253,906
CHARLES_AUSTEN_PUMP,1747770504,1747770534,30000.09,0.831,0.415,1134.669,287
AQUATEC_PUMP,1747770544,1747770574,30000.10,3.392,1.696,1136.365,899
CHARLES_AUSTEN_PUMP,1747770584,1747770614,30000.10,0.819,0.410,1136.774,283
AQUATEC_PUMP,1747770624,1747770654,30000.10,3.253,1.626,1138.401,862
CHARLES_AUSTEN_PUMP,1747770664,1747770694,30000.09,0.828,0.414,1138.815,286
AQUATEC_PUMP,1747770704,1747770734,30000.09,3.226,1.613,1140.428,855
CHARLES_AUSTEN_PUMP,1747770744,1747770774,30000.11,0.822,0.411,1140.839,284
AQUATEC_PUMP,1747770784,1747770814,30000.10,3.396,1.698,1142.537,900
CHARLES_AUSTEN_PUMP,1747770824,1747770854,30000.09,0.825,0.412,1142.949,285
AQUATEC_PUMP,1747770864,1747770894,30000.08,3.404,1.702,1144.651,902
CHARLES_AUSTEN_PUMP,1747770904,1747770934,30000.08,0.819,0.410,1145.061,283
AQUATEC_PUMP,1747770944,1747770974,30000.09,3.351,1.675,1146.736,888
CHARLES_AUSTEN_PUMP,1747770984,1747771014,30000.09,0.819,0.410,1147.146,283
AQUATEC_PUMP,1747771024,1747771054,30000.09,3.298,1.649,1148.795,874
CHARLES_AUSTEN_PUMP,1747771064,1747771094,30000.10,0.831,0.415,1149.210,287
AQUATEC_PUMP,1747771104,1747771134,30000.09,3.245,1.623,1150.833,860
CHARLES_AUSTEN_PUMP,1747771144,1747771174,30000.10,0.822,0.411,1151.244,284
AQUATEC_PUMP,1747771184,1747771214,30000.10,3.377,1.689,1152.933,895
CHARLES_AUSTEN_PUMP,1747771224,1747771254,30000.09,0.819,0.410,1153.342,283
AQUATEC_PUMP,1747771264,1747771294,30000.09,3.347,1.674,1155.016,887
CHARLES_AUSTEN_PUMP,1747771304,1747771334,30000.10,0.816,0.408,1155.424,282
AQUATEC_PUMP,1747771344,1747771374,30000.09,3.362,1.681,1157.105,891
CHARLES_AUSTEN_PUMP,1747771384,1747771414,30000.09,0.813,0.407,1157.512,281
AQUATEC_PUMP,1747771424,1747771454,30000.10,3.415,1.708,1159.219,905
CHARLES_AUSTEN_PUMP,1747771464,1747771494,30000.09,0.810,0.405,1159.624,280
AQUATEC_PUMP,1747771504,1747771534,30000.10,3.392,1.696,1161.321,899
CHARLES_AUSTEN_PUMP,1747771544,1747771574,30000.10,0.810,0.405,1161.726,280
AQUATEC_PUMP,1747771584,1747771614,30000.10,3.272,1.636,1163.362,867
CHARLES_AUSTEN_PUMP,1747771624,1747771654,30000.10,0.810,0.405,1163.767,280
AQUATEC_PUMP,1747771664,1747771694,30000.10,3.408,1.704,1165.471,903
CHARLES_AUSTEN_PUMP,1747771704,1747771734,30000.08,0.828,0.414,1165.885,286
AQUATEC_PUMP,1747771744,1747771774,30000.09,3.411,1.706,1167.590,904
CHARLES_AUSTEN_PUMP,1747771784,1747771814,30000.04,0.822,0.411,1168.001,284
AQUATEC_PUMP,1747771824,1747771854,30000.08,3.415,1.708,1169.709,905
CHARLES_AUSTEN_PUMP,1747771864,1747771894,30000.08,0.831,0.415,1170.124,287
AQUATEC_PUMP,1747771904,1747771934,30000.09,3.392,1.696,1171.820,899
CHARLES_AUSTEN_PUMP,1747771944,1747771974,30000.10,0.813,0.407,1172.227,281
AQUATEC_PUMP,1747771984,1747772014,30000.09,3.411,1.706,1173.933,904
CHARLES_AUSTEN_PUMP,1747772024,1747772054,30000.10,0.825,0.412,1174.345,285
AQUATEC_PUMP,1747772064,1747772094,30000.09,3.306,1.653,1175.998,876
CHARLES_AUSTEN_PUMP,1747772104,1747772134,30000.11,0.831,0.415,1176.413,287
AQUATEC_PUMP,1747772144,1747772174,30000.10,3.347,1.674,1178.087,887
CHARLES_AUSTEN_PUMP,1747772184,1747772214,30000.10,0.819,0.410,1178.496,283
AQUATEC_PUMP,1747772224,1747772254,30000.11,3.415,1.708,1180.204,905
CHARLES_AUSTEN_PUMP,1747772264,1747772294,30000.09,0.828,0.414,1180.618,286
AQUATEC_PUMP,1747772304,1747772334,30000.09,3.415,1.708,1182.325,905
CHARLES_AUSTEN_PUMP,1747772344,1747772374,30000.09,0.825,0.412,1182.738,285
AQUATEC_PUMP,1747772384,1747772414,30000.09,3.411,1.706,1184.443,904
CHARLES_AUSTEN_PUMP,1747772424,1747772454,30000.08,0.828,0.414,1184.857,286
AQUATEC_PUMP,1747772464,1747772494,30000.09,3.411,1.706,1186.563,904
CHARLES_AUSTEN_PUMP,1747772504,1747772534,30000.06,0.825,0.412,1186.975,285
AQUATEC_PUMP,1747772544,1747772574,30000.08,3.298,1.649,1188.625,874
CHARLES_AUSTEN_PUMP,1747772584,1747772614,30000.09,0.825,0.412,1189.037,285
AQUATEC_PUMP,1747772624,1747772654,30000.11,3.411,1.706,1190.743,904
CHARLES_AUSTEN_PUMP,1747772664,1747772694,30000.10,0.828,0.414,1191.157,286
AQUATEC_PUMP,1747772704,1747772734,30000.09,3.415,1.708,1192.864,905
CHARLES_AUSTEN_PUMP,1747772744,1747772774,30000.10,0.834,0.417,1193.281,288
AQUATEC_PUMP,1747772784,1747772814,30000.11,3.415,1.708,1194.988,905
CHARLES_AUSTEN_PUMP,1747772824,1747772854,30000.11,0.834,0.417,1195.405,288
AQUATEC_PUMP,1747772864,1747772894,30000.09,3.415,1.708,1197.113,905
CHARLES_AUSTEN_PUMP,1747772904,1747772934,30000.09,0.834,0.417,1197.530,288
AQUATEC_PUMP,1747772944,1747772974,30000.10,3.411,1.706,1199.235,904
CHARLES_AUSTEN_PUMP,1747772984,1747773014,30000.10,0.825,0.412,1199.648,285
AQUATEC_PUMP,1747773024,1747773054,30000.10,3.411,1.706,1201.353,904
CHARLES_AUSTEN_PUMP,1747773064,1747773094,30000.09,0.822,0.411,1201.764,284
AQUATEC_PUMP,1747773104,1747773134,30000.10,3.411,1.706,1203.470,904
CHARLES_AUSTEN_PUMP,1747773144,1747773174,30000.08,0.828,0.414,1203.884,286
AQUATEC_PUMP,1747773184,1747773214,30000.09,3.411,1.706,1205.590,904
CHARLES_AUSTEN_PUMP,1747773224,1747773254,30000.15,0.834,0.417,1206.006,288
AQUATEC_PUMP,1747773264,1747773294,30000.09,3.400,1.700,1207.706,901
CHARLES_AUSTEN_PUMP,1747773304,1747773334,30000.09,0.831,0.415,1208.122,287
AQUATEC_PUMP,1747773344,1747773374,30000.09,3.291,1.645,1209.767,872
CHARLES_AUSTEN_PUMP,1747773384,1747773414,30000.15,0.825,0.412,1210.179,285
AQUATEC_PUMP,1747773424,1747773454,30000.09,3.374,1.687,1211.866,894
CHARLES_AUSTEN_PUMP,1747773464,1747773494,30000.10,0.834,0.417,1212.283,288
AQUATEC_PUMP,1747773504,1747773534,30000.10,3.257,1.628,1213.911,863
CHARLES_AUSTEN_PUMP,1747773544,1747773574,30000.10,0.831,0.415,1214.327,287
AQUATEC_PUMP,1747773584,1747773614,30000.09,3.400,1.700,1216.027,901
CHARLES_AUSTEN_PUMP,1747773624,1747773654,30000.09,0.828,0.414,1216.441,286
AQUATEC_PUMP,1747773664,1747773694,30000.10,3.411,1.706,1218.146,904
CHARLES_AUSTEN_PUMP,1747773704,1747773734,30000.10,0.825,0.412,1218.559,285
AQUATEC_PUMP,1747773744,1747773774,30000.10,3.408,1.704,1220.262,903
CHARLES_AUSTEN_PUMP,1747773784,1747773814,30000.09,0.825,0.412,1220.675,285
AQUATEC_PUMP,1747773824,1747773854,30000.09,3.396,1.698,1222.373,900
CHARLES_AUSTEN_PUMP,1747773864,1747773894,30000.10,0.825,0.412,1222.785,285
AQUATEC_PUMP,1747773904,1747773934,30000.10,3.404,1.702,1224.487,902
CHARLES_AUSTEN_PUMP,1747773944,1747773974,30000.10,0.831,0.415,1224.903,287
AQUATEC_PUMP,1747773984,1747774014,30000.10,3.415,1.708,1226.610,905
CHARLES_AUSTEN_PUMP,1747774024,1747774054,30000.10,0.831,0.415,1227.026,287
AQUATEC_PUMP,1747774064,1747774094,30000.09,3.426,1.713,1228.739,908
CHARLES_AUSTEN_PUMP,1747774104,1747774134,30000.08,0.836,0.418,1229.157,289
AQUATEC_PUMP,1747774144,1747774174,30000.08,3.419,1.709,1230.866,906
CHARLES_AUSTEN_PUMP,1747774184,1747774214,30000.11,0.834,0.417,1231.283,288
AQUATEC_PUMP,1747774224,1747774254,30000.09,3.302,1.651,1232.934,875
CHARLES_AUSTEN_PUMP,1747774264,1747774294,30000.09,0.839,0.420,1233.354,290
AQUATEC_PUMP,1747774304,1747774334,30000.10,3.415,1.708,1235.061,905
CHARLES_AUSTEN_PUMP,1747774344,1747774374,30000.09,0.834,0.417,1235.478,288
AQUATEC_PUMP,1747774384,1747774414,30000.09,3.313,1.657,1237.135,878
CHARLES_AUSTEN_PUMP,1747774424,1747774454,30000.09,0.839,0.420,1237.554,290
AQUATEC_PUMP,1747774464,1747774494,30000.09,3.298,1.649,1239.203,874
CHARLES_AUSTEN_PUMP,1747774504,1747774534,30000.09,0.839,0.420,1239.623,290
AQUATEC_PUMP,1747774544,1747774574,30000.09,3.366,1.683,1241.306,892
CHARLES_AUSTEN_PUMP,1747774584,1747774614,30000.10,0.834,0.417,1241.723,288
AQUATEC_PUMP,1747774624,1747774654,30000.10,3.328,1.664,1243.387,882
CHARLES_AUSTEN_PUMP,1747774664,1747774694,30000.09,0.845,0.423,1243.810,292
AQUATEC_PUMP,1747774704,1747774734,30000.09,3.400,1.700,1245.510,901
CHARLES_AUSTEN_PUMP,1747774744,1747774774,30000.16,0.831,0.415,1245.925,287
AQUATEC_PUMP,1747774784,1747774814,30000.11,3.408,1.704,1247.629,903
CHARLES_AUSTEN_PUMP,1747774824,1747774854,30000.10,0.822,0.411,1248.040,284
AQUATEC_PUMP,1747774864,1747774894,30000.11,3.408,1.704,1249.744,903
CHARLES_AUSTEN_PUMP,1747774904,1747774934,30000.08,0.836,0.418,1250.162,289
AQUATEC_PUMP,1747774944,1747774974,30000.10,3.408,1.704,1251.866,903
CHARLES_AUSTEN_PUMP,1747774984,1747775014,30000.09,0.839,0.420,1252.285,290
AQUATEC_PUMP,1747775024,1747775054,30000.09,3.408,1.704,1253.989,903
CHARLES_AUSTEN_PUMP,1747775064,1747775094,30000.10,0.828,0.414,1254.403,286
AQUATEC_PUMP,1747775104,1747775134,30000.09,3.408,1.704,1256.107,903
CHARLES_AUSTEN_PUMP,1747775144,1747775174,30000.15,0.839,0.420,1256.526,290
AQUATEC_PUMP,1747775184,1747775214,30000.09,3.411,1.706,1258.232,904
CHARLES_AUSTEN_PUMP,1747775224,1747775254,30000.09,0.836,0.418,1258.650,289
AQUATEC_PUMP,1747775264,1747775294,30000.09,3.287,1.643,1260.294,871
CHARLES_AUSTEN_PUMP,1747775304,1747775334,30000.08,0.836,0.418,1260.712,289
AQUATEC_PUMP,1747775344,1747775374,30000.09,3.366,1.683,1262.395,892
CHARLES_AUSTEN_PUMP,1747775384,1747775414,30000.16,0.828,0.414,1262.809,286
AQUATEC_PUMP,1747775424,1747775454,30000.11,3.408,1.704,1264.513,903
CHARLES_AUSTEN_PUMP,1747775464,1747775494,30000.09,0.825,0.412,1264.925,285
AQUATEC_PUMP,1747775504,1747775534,30000.09,3.400,1.700,1266.625,901
CHARLES_AUSTEN_PUMP,1747775544,1747775574,30000.09,0.822,0.411,1267.036,284
AQUATEC_PUMP,1747775584,1747775614,30000.09,3.374,1.687,1268.723,894
CHARLES_AUSTEN_PUMP,1747775624,1747775654,30000.10,0.819,0.410,1269.132,283
AQUATEC_PUMP,1747775664,1747775694,30000.11,3.415,1.708,1270.840,905
CHARLES_AUSTEN_PUMP,1747775704,1747775734,30000.10,0.825,0.412,1271.252,285
AQUATEC_PUMP,1747775744,1747775774,30000.10,3.411,1.706,1272.958,904
CHARLES_AUSTEN_PUMP,1747775784,1747775814,30000.11,0.834,0.417,1273.375,288
AQUATEC_PUMP,1747775824,1747775854,30000.11,3.374,1.687,1275.062,894
CHARLES_AUSTEN_PUMP,1747775864,1747775894,30000.10,0.834,0.417,1275.478,288
AQUATEC_PUMP,1747775904,1747775934,30000.09,3.377,1.689,1277.167,895
CHARLES_AUSTEN_PUMP,1747775944,1747775974,30000.10,0.834,0.417,1277.584,288
AQUATEC_PUMP,1747775984,1747776014,30000.09,3.264,1.632,1279.216,865
CHARLES_AUSTEN_PUMP,1747776024,1747776054,30000.08,0.839,0.420,1279.636,290
AQUATEC_PUMP,1747776064,1747776094,30000.09,3.377,1.689,1281.324,895
CHARLES_AUSTEN_PUMP,1747776104,1747776134,30000.11,0.839,0.420,1281.744,290
AQUATEC_PUMP,1747776144,1747776174,30000.09,3.377,1.689,1283.433,895
CHARLES_AUSTEN_PUMP,1747776184,1747776214,30000.09,0.836,0.418,1283.851,289
AQUATEC_PUMP,1747776224,1747776254,30000.09,3.275,1.638,1285.489,868
CHARLES_AUSTEN_PUMP,1747776264,1747776294,30000.11,0.836,0.418,1285.907,289
AQUATEC_PUMP,1747776304,1747776334,30000.09,3.268,1.634,1287.541,866
CHARLES_AUSTEN_PUMP,1747776344,1747776374,30000.09,0.836,0.418,1287.959,289
AQUATEC_PUMP,1747776384,1747776414,30000.09,3.249,1.625,1289.584,861
CHARLES_AUSTEN_PUMP,1747776424,1747776454,30000.09,0.828,0.414,1289.997,286
AQUATEC_PUMP,1747776464,1747776494,30000.09,3.381,1.691,1291.688,896
CHARLES_AUSTEN_PUMP,1747776504,1747776534,30000.10,0.828,0.414,1292.102,286
AQUATEC_PUMP,1747776544,1747776574,30000.10,3.404,1.702,1293.804,902
CHARLES_AUSTEN_PUMP,1747776584,1747776614,30000.10,0.828,0.414,1294.218,286
AQUATEC_PUMP,1747776624,1747776654,30000.11,3.411,1.706,1295.923,904
CHARLES_AUSTEN_PUMP,1747776664,1747776694,30000.09,0.836,0.418,1296.342,289
AQUATEC_PUMP,1747776704,1747776734,30000.11,3.336,1.668,1298.010,884
CHARLES_AUSTEN_PUMP,1747776744,1747776774,30000.11,0.831,0.415,1298.425,287
AQUATEC_PUMP,1747776784,1747776814,30000.09,3.381,1.691,1300.115,896
CHARLES_AUSTEN_PUMP,1747776824,1747776854,30000.10,0.836,0.418,1300.534,289
AQUATEC_PUMP,1747776864,1747776894,30000.13,3.381,1.691,1302.224,896
CHARLES_AUSTEN_PUMP,1747776904,1747776934,30000.11,0.834,0.417,1302.641,288
AQUATEC_PUMP,1747776944,1747776974,30000.10,3.268,1.634,1304.275,866
CHARLES_AUSTEN_PUMP,1747776984,1747777014,30000.09,0.839,0.420,1304.695,290
AQUATEC_PUMP,1747777024,1747777054,30000.10,3.381,1.691,1306.385,896
CHARLES_AUSTEN_PUMP,1747777064,1747777094,30000.11,0.848,0.424,1306.809,293
AQUATEC_PUMP,1747777104,1747777134,30000.09,3.377,1.689,1308.498,895
CHARLES_AUSTEN_PUMP,1747777144,1747777174,30000.10,0.842,0.421,1308.919,291
AQUATEC_PUMP,1747777184,1747777214,30000.10,3.385,1.692,1310.612,897
CHARLES_AUSTEN_PUMP,1747777224,1747777254,30000.11,0.836,0.418,1311.030,289
AQUATEC_PUMP,1747777264,1747777294,30000.11,3.381,1.691,1312.720,896
CHARLES_AUSTEN_PUMP,1747777304,1747777334,30000.11,0.834,0.417,1313.137,288
AQUATEC_PUMP,1747777344,1747777374,30000.09,3.343,1.672,1314.809,886
CHARLES_AUSTEN_PUMP,1747777384,1747777414,30000.10,0.819,0.410,1315.218,283
AQUATEC_PUMP,1747777424,1747777454,30000.16,3.313,1.657,1316.875,878
CHARLES_AUSTEN_PUMP,1747777464,1747777494,30000.16,0.819,0.410,1317.285,283
AQUATEC_PUMP,1747777504,1747777534,30000.09,3.317,1.658,1318.943,879
CHARLES_AUSTEN_PUMP,1747777544,1747777574,30000.08,0.828,0.414,1319.357,286
AQUATEC_PUMP,1747777584,1747777614,30000.09,3.351,1.675,1321.032,888
CHARLES_AUSTEN_PUMP,1747777624,1747777654,30000.09,0.828,0.414,1321.446,286
AQUATEC_PUMP,1747777664,1747777694,30000.11,3.381,1.691,1323.137,896
CHARLES_AUSTEN_PUMP,1747777704,1747777734,30000.10,0.828,0.414,1323.551,286
AQUATEC_PUMP,1747777744,1747777774,30000.10,3.366,1.683,1325.234,892
CHARLES_AUSTEN_PUMP,1747777784,1747777814,30000.10,0.819,0.410,1325.643,283
AQUATEC_PUMP,1747777824,1747777854,30000.11,3.385,1.692,1327.336,897
CHARLES_AUSTEN_PUMP,1747777864,1747777894,30000.15,0.848,0.424,1327.760,293
AQUATEC_PUMP,1747777904,1747777934,30000.09,3.389,1.694,1329.454,898
CHARLES_AUSTEN_PUMP,1747777944,1747777974,30000.09,0.839,0.420,1329.874,290
AQUATEC_PUMP,1747777984,1747778014,30000.10,3.385,1.692,1331.566,897
CHARLES_AUSTEN_PUMP,1747778024,1747778054,30000.11,0.831,0.415,1331.982,287
AQUATEC_PUMP,1747778064,1747778094,30000.09,3.272,1.636,1333.617,867
CHARLES_AUSTEN_PUMP,1747778104,1747778134,30000.11,0.834,0.417,1334.034,288
AQUATEC_PUMP,1747778144,1747778174,30000.10,3.415,1.708,1335.742,905
CHARLES_AUSTEN_PUMP,1747778184,1747778214,30000.10,0.831,0.415,1336.157,287
AQUATEC_PUMP,1747778224,1747778254,30000.09,3.415,1.708,1337.865,905
CHARLES_AUSTEN_PUMP,1747778264,1747778294,30000.09,0.839,0.420,1338.284,290
AQUATEC_PUMP,1747778304,1747778334,30000.09,3.419,1.709,1339.994,906
CHARLES_AUSTEN_PUMP,1747778344,1747778374,30000.09,0.851,0.425,1340.419,294
AQUATEC_PUMP,1747778384,1747778414,30000.09,3.423,1.711,1342.131,907
CHARLES_AUSTEN_PUMP,1747778424,1747778454,30000.09,0.842,0.421,1342.552,291
AQUATEC_PUMP,1747778464,1747778494,30000.09,3.392,1.696,1344.248,899
CHARLES_AUSTEN_PUMP,1747778504,1747778534,30000.10,0.825,0.412,1344.660,285
AQUATEC_PUMP,1747778544,1747778574,30000.09,3.298,1.649,1346.309,874
CHARLES_AUSTEN_PUMP,1747778584,1747778614,30000.10,0.834,0.417,1346.726,288
AQUATEC_PUMP,1747778624,1747778654,30000.12,3.415,1.708,1348.434,905
CHARLES_AUSTEN_PUMP,1747778664,1747778694,30000.10,0.842,0.421,1348.855,291
AQUATEC_PUMP,1747778704,1747778734,30000.10,3.415,1.708,1350.562,905
CHARLES_AUSTEN_PUMP,1747778744,1747778774,30000.10,0.842,0.421,1350.984,291
AQUATEC_PUMP,1747778784,1747778814,30000.10,3.419,1.709,1352.693,906
CHARLES_AUSTEN_PUMP,1747778824,1747778854,30000.08,0.831,0.415,1353.108,287
AQUATEC_PUMP,1747778864,1747778894,30000.09,3.408,1.704,1354.812,903
CHARLES_AUSTEN_PUMP,1747778904,1747778934,30000.10,0.834,0.417,1355.229,288
AQUATEC_PUMP,1747778944,1747778974,30000.11,3.317,1.658,1356.887,879
CHARLES_AUSTEN_PUMP,1747778984,1747779014,30000.09,0.836,0.418,1357.306,289
AQUATEC_PUMP,1747779024,1747779054,30000.09,3.430,1.715,1359.021,909
CHARLES_AUSTEN_PUMP,1747779064,1747779094,30000.09,0.839,0.420,1359.440,290
AQUATEC_PUMP,1747779104,1747779134,30000.09,3.423,1.711,1361.152,907
CHARLES_AUSTEN_PUMP,1747779144,1747779174,30000.09,0.836,0.418,1361.570,289
AQUATEC_PUMP,1747779184,1747779214,30000.09,3.249,1.625,1363.194,861
CHARLES_AUSTEN_PUMP,1747779224,1747779254,30000.10,0.825,0.412,1363.607,285
AQUATEC_PUMP,1747779264,1747779294,30000.16,3.411,1.706,1365.313,904
CHARLES_AUSTEN_PUMP,1747779304,1747779334,30000.09,0.828,0.414,1365.726,286
AQUATEC_PUMP,1747779344,1747779374,30000.09,3.415,1.708,1367.434,905
CHARLES_AUSTEN_PUMP,1747779384,1747779414,30000.14,0.828,0.414,1367.848,286
AQUATEC_PUMP,1747779424,1747779454,30000.09,3.419,1.709,1369.557,906
CHARLES_AUSTEN_PUMP,1747779464,1747779494,30000.09,0.839,0.420,1369.977,290
AQUATEC_PUMP,1747779504,1747779534,30000.10,3.385,1.692,1371.669,897
CHARLES_AUSTEN_PUMP,1747779544,1747779574,30000.10,0.831,0.415,1372.085,287
AQUATEC_PUMP,1747779584,1747779614,30000.09,3.362,1.681,1373.766,891
CHARLES_AUSTEN_PUMP,1747779624,1747779654,30000.10,0.828,0.414,1374.180,286
AQUATEC_PUMP,1747779664,1747779694,30000.09,3.408,1.704,1375.884,903
CHARLES_AUSTEN_PUMP,1747779704,1747779734,30000.10,0.828,0.414,1376.298,286
AQUATEC_PUMP,1747779744,1747779774,30000.09,3.408,1.704,1378.001,903
CHARLES_AUSTEN_PUMP,1747779784,1747779814,30000.09,0.834,0.417,1378.418,288
AQUATEC_PUMP,1747779824,1747779854,30000.10,3.408,1.704,1380.122,903
CHARLES_AUSTEN_PUMP,1747779864,1747779894,30000.10,0.834,0.417,1380.539,288
AQUATEC_PUMP,1747779904,1747779934,30000.09,3.392,1.696,1382.235,899
CHARLES_AUSTEN_PUMP,1747779944,1747779974,30000.09,0.825,0.412,1382.647,285
AQUATEC_PUMP,1747779984,1747780014,30000.10,3.400,1.700,1384.347,901
CHARLES_AUSTEN_PUMP,1747780024,1747780054,30000.10,0.831,0.415,1384.763,287
AQUATEC_PUMP,1747780064,1747780094,30000.10,3.389,1.694,1386.457,898
CHARLES_AUSTEN_PUMP,1747780104,1747780134,30000.10,0.831,0.415,1386.872,287
AQUATEC_PUMP,1747780144,1747780174,30000.10,3.385,1.692,1388.565,897
CHARLES_AUSTEN_PUMP,1747780184,1747780214,30000.10,0.825,0.412,1388.977,285
AQUATEC_PUMP,1747780224,1747780254,30000.09,3.366,1.683,1390.660,892
CHARLES_AUSTEN_PUMP,1747780264,1747780294,30000.08,0.831,0.415,1391.076,287
AQUATEC_PUMP,1747780304,1747780334,30000.08,3.408,1.704,1392.779,903
CHARLES_AUSTEN_PUMP,1747780344,1747780374,30000.09,0.834,0.417,1393.196,288
AQUATEC_PUMP,1747780384,1747780414,30000.08,3.404,1.702,1394.898,902
CHARLES_AUSTEN_PUMP,1747780424,1747780454,30000.09,0.834,0.417,1395.315,288
AQUATEC_PUMP,1747780464,1747780494,30000.09,3.404,1.702,1397.017,902
CHARLES_AUSTEN_PUMP,1747780504,1747780534,30000.15,0.848,0.424,1397.441,293
AQUATEC_PUMP,1747780544,1747780574,30000.09,3.404,1.702,1399.143,902
CHARLES_AUSTEN_PUMP,1747780584,1747780614,30000.10,0.831,0.415,1399.558,287
AQUATEC_PUMP,1747780624,1747780654,30000.09,3.408,1.704,1401.262,903
CHARLES_AUSTEN_PUMP,1747780664,1747780694,30000.10,0.839,0.420,1401.681,290
AQUATEC_PUMP,1747780704,1747780734,30000.10,3.404,1.702,1403.383,902
CHARLES_AUSTEN_PUMP,1747780744,1747780774,30000.10,0.842,0.421,1403.804,291
AQUATEC_PUMP,1747780784,1747780814,30000.10,3.287,1.643,1405.448,871
CHARLES_AUSTEN_PUMP,1747780824,1747780854,30000.09,0.842,0.421,1405.869,291
AQUATEC_PUMP,1747780864,1747780894,30000.09,3.343,1.672,1407.541,886
CHARLES_AUSTEN_PUMP,1747780904,1747780934,30000.10,0.828,0.414,1407.955,286
AQUATEC_PUMP,1747780944,1747780974,30000.10,3.408,1.704,1409.658,903
CHARLES_AUSTEN_PUMP,1747780984,1747781014,30000.10,0.836,0.418,1410.077,289
AQUATEC_PUMP,1747781024,1747781054,30000.10,3.404,1.702,1411.778,902
CHARLES_AUSTEN_PUMP,1747781064,1747781094,30000.10,0.851,0.425,1412.204,294
AQUATEC_PUMP,1747781104,1747781134,30000.10,3.411,1.706,1413.910,904
CHARLES_AUSTEN_PUMP,1747781144,1747781174,30000.08,0.845,0.423,1414.332,292
AQUATEC_PUMP,1747781184,1747781214,30000.09,3.411,1.706,1416.038,904
CHARLES_AUSTEN_PUMP,1747781224,1747781254,30000.09,0.842,0.421,1416.459,291
AQUATEC_PUMP,1747781264,1747781294,30000.15,3.351,1.675,1418.134,888
CHARLES_AUSTEN_PUMP,1747781304,1747781334,30000.09,0.842,0.421,1418.556,291
AQUATEC_PUMP,1747781344,1747781374,30000.08,3.396,1.698,1420.254,900
CHARLES_AUSTEN_PUMP,1747781384,1747781414,30000.09,0.831,0.415,1420.669,287
AQUATEC_PUMP,1747781424,1747781454,30000.09,3.381,1.691,1422.360,896
CHARLES_AUSTEN_PUMP,1747781464,1747781494,30000.10,0.836,0.418,1422.778,289
AQUATEC_PUMP,1747781504,1747781534,30000.09,3.332,1.666,1424.444,883
CHARLES_AUSTEN_PUMP,1747781544,1747781574,30000.11,0.828,0.414,1424.858,286
AQUATEC_PUMP,1747781584,1747781614,30000.09,3.404,1.702,1426.560,902
CHARLES_AUSTEN_PUMP,1747781624,1747781654,30000.08,0.836,0.418,1426.978,289
AQUATEC_PUMP,1747781664,1747781694,30000.09,3.404,1.702,1428.680,902
CHARLES_AUSTEN_PUMP,1747781704,1747781734,30000.09,0.836,0.418,1429.098,289
AQUATEC_PUMP,1747781744,1747781774,30000.10,3.408,1.704,1430.802,903
CHARLES_AUSTEN_PUMP,1747781784,1747781814,30000.09,0.839,0.420,1431.221,290
AQUATEC_PUMP,1747781824,1747781854,30000.09,3.400,1.700,1432.921,901
CHARLES_AUSTEN_PUMP,1747781864,1747781894,30000.10,0.831,0.415,1433.337,287
AQUATEC_PUMP,1747781904,1747781934,30000.09,3.377,1.689,1435.025,895
CHARLES_AUSTEN_PUMP,1747781944,1747781974,30000.09,0.851,0.425,1435.451,294
